2025-08-05 07:28:05,625 - INFO - Database path set to: C:\Users\Ahmet Saygin VAROL\PycharmProjects\orders.db
2025-08-05 07:28:05,903 - INFO - Inserted sample user manager1 with password 'password123'.
2025-08-05 07:28:05,903 - INFO - Inserted sample allergies.
2025-08-05 07:28:05,913 - INFO - DB init done.
2025-08-05 07:28:39,360 - INFO - Database path set to: C:\Users\Ahmet Saygin VAROL\PycharmProjects\orders.db
2025-08-05 07:28:39,362 - INFO - DB init done.
2025-08-05 07:28:39,507 - INFO - Database path set to: C:\Users\Ahmet Saygin VAROL\PycharmProjects\orders.db
2025-08-05 07:29:06,657 - INFO - Database path set to: C:\Users\Ahmet Saygin VAROL\PycharmProjects\orders.db
2025-08-05 07:29:06,674 - INFO - DB init done.
2025-08-05 07:29:07,301 - INFO - Database path set to: C:\Users\Ahmet Saygin VAROL\PycharmProjects\orders.db
2025-08-05 07:29:32,599 - INFO - Database path set to: C:\Users\Ahmet Saygin VAROL\PycharmProjects\orders.db
2025-08-05 07:29:32,601 - INFO - DB init done.
2025-08-05 07:29:32,973 - INFO - Database path set to: C:\Users\Ahmet Saygin VAROL\PycharmProjects\orders.db
2025-08-05 07:31:31,576 - INFO - Database path set to: C:\Users\Ahmet Saygin VAROL\PycharmProjects\orders.db
2025-08-05 07:31:31,577 - INFO - DB init done.
2025-08-05 07:31:31,709 - INFO - Database path set to: C:\Users\Ahmet Saygin VAROL\PycharmProjects\orders.db
2025-08-05 07:31:36,110 - INFO - Manager 'AHMET' logged in.
2025-08-05 07:31:37,556 - INFO - No standing orders for None on 2025-08-05. Nothing to carry.
2025-08-05 07:31:37,813 - INFO - Loaded 9 allergies
2025-08-05 07:31:37,813 - INFO - Populated allergy combobox with 9 items
2025-08-05 07:36:50,452 - INFO - Database path set to: C:\Users\Ahmet Saygin VAROL\PycharmProjects\orders.db
2025-08-05 07:36:50,454 - INFO - DB init done.
2025-08-05 07:36:50,714 - INFO - Database path set to: C:\Users\Ahmet Saygin VAROL\PycharmProjects\orders.db
2025-08-05 07:36:56,306 - INFO - Manager 'AHMET' logged in.
2025-08-05 07:36:57,453 - INFO - No standing orders for None on 2025-08-05. Nothing to carry.
2025-08-05 07:36:57,902 - INFO - Loaded 9 allergies
2025-08-05 07:36:57,902 - INFO - Populated allergy combobox with 9 items
2025-08-05 07:37:52,025 - INFO - Preorder added for Guest 'ALASDAIR STAINES' in Cabin '9245'.
2025-08-06 07:38:36,494 - INFO - Database path set to: C:\Users\Ahmet Saygin VAROL\PycharmProjects\orders.db
2025-08-06 07:38:36,503 - INFO - DB init done.
2025-08-06 07:38:36,708 - INFO - Database path set to: C:\Users\Ahmet Saygin VAROL\PycharmProjects\orders.db
2025-08-06 07:38:40,583 - INFO - Manager 'AHMET' logged in.
2025-08-06 07:38:43,137 - ERROR - Error carrying standing orders: tuple indices must be integers or slices, not str
2025-08-06 07:38:44,123 - INFO - Loaded 9 allergies
2025-08-06 07:38:44,123 - INFO - Populated allergy combobox with 9 items
2025-08-05 08:40:56,513 - INFO - Database path set to: C:\Users\Ahmet Saygin VAROL\PycharmProjects\orders.db
2025-08-05 08:40:56,516 - INFO - DB init done.
2025-08-05 08:40:57,300 - INFO - Database path set to: C:\Users\Ahmet Saygin VAROL\PycharmProjects\orders.db
2025-08-05 08:41:04,088 - INFO - Manager 'AHMET' logged in.
2025-08-05 08:41:05,082 - INFO - No standing orders for None on 2025-08-05. Nothing to carry.
2025-08-05 08:41:05,350 - INFO - Loaded 9 allergies
2025-08-05 08:41:05,351 - INFO - Populated allergy combobox with 9 items
2025-08-05 08:41:39,343 - INFO - Preorder added for Guest 'BRYANT PRZYBILLA' in Cabin '6430'.
2025-08-07 08:42:05,745 - INFO - Database path set to: C:\Users\Ahmet Saygin VAROL\PycharmProjects\orders.db
2025-08-07 08:42:05,800 - INFO - DB init done.
2025-08-07 08:42:06,591 - INFO - Database path set to: C:\Users\Ahmet Saygin VAROL\PycharmProjects\orders.db
2025-08-07 08:42:11,076 - INFO - Manager 'AHMET' logged in.
2025-08-07 08:42:12,916 - INFO - No standing orders for None on 2025-08-07. Nothing to carry.
2025-08-07 08:42:13,392 - INFO - Loaded 9 allergies
2025-08-07 08:42:13,392 - INFO - Populated allergy combobox with 9 items
2025-08-06 08:42:26,435 - INFO - Database path set to: C:\Users\Ahmet Saygin VAROL\PycharmProjects\orders.db
2025-08-06 08:42:26,451 - INFO - DB init done.
2025-08-06 08:42:26,680 - INFO - Database path set to: C:\Users\Ahmet Saygin VAROL\PycharmProjects\orders.db
2025-08-06 08:42:30,283 - INFO - Manager 'AHMET' logged in.
2025-08-06 08:42:32,738 - ERROR - Error carrying standing orders: tuple indices must be integers or slices, not str
2025-08-06 08:44:27,586 - INFO - Database path set to: C:\Users\Ahmet Saygin VAROL\PycharmProjects\orders.db
2025-08-06 08:44:27,588 - INFO - DB init done.
2025-08-06 08:44:27,740 - INFO - Database path set to: C:\Users\Ahmet Saygin VAROL\PycharmProjects\orders.db
2025-08-06 08:44:31,610 - INFO - Manager 'AHMET' logged in.
2025-08-06 08:44:34,124 - INFO - Loaded 9 allergies
2025-08-06 08:44:34,124 - INFO - Populated allergy combobox with 9 items
2025-08-06 08:51:32,859 - INFO - Database path set to: C:\Users\Ahmet Saygin VAROL\PycharmProjects\orders.db
2025-08-06 08:51:32,862 - INFO - DB init done.
2025-08-06 08:51:33,142 - INFO - Database path set to: C:\Users\Ahmet Saygin VAROL\PycharmProjects\orders.db
2025-08-06 08:51:36,932 - INFO - Manager 'AHMET' logged in.
2025-08-06 08:51:37,766 - INFO - Venue None already carried standing orders today.
2025-08-06 08:51:38,022 - INFO - Loaded 9 allergies
2025-08-06 08:51:38,022 - INFO - Populated allergy combobox with 9 items
2025-08-06 04:17:43,906 - INFO - Database path set to: C:\Users\Ahmet Saygin VAROL\PycharmProjects\orders.db
2025-08-06 04:17:43,918 - INFO - DB init done.
2025-08-06 04:17:44,127 - INFO - Database path set to: C:\Users\Ahmet Saygin VAROL\PycharmProjects\orders.db
2025-08-06 04:17:48,252 - INFO - Manager 'AHMET' logged in.
2025-08-06 04:17:49,366 - INFO - Venue None already carried standing orders today.
2025-08-06 04:17:49,616 - INFO - Loaded 9 allergies
2025-08-06 04:17:49,616 - INFO - Populated allergy combobox with 9 items
2025-08-06 04:34:51,769 - INFO - Database path set to: C:\Users\Ahmet Saygin VAROL\PycharmProjects\orders.db
2025-08-06 04:34:51,772 - INFO - DB init done.
2025-08-06 04:34:51,892 - INFO - Database path set to: C:\Users\Ahmet Saygin VAROL\PycharmProjects\orders.db
2025-08-06 04:34:56,205 - INFO - Manager 'AHMET' logged in.
2025-08-06 04:34:57,030 - INFO - Venue None already carried standing orders today.
2025-08-06 04:34:57,267 - INFO - Loaded 9 allergies
2025-08-06 04:34:57,267 - INFO - Populated allergy combobox with 9 items
2025-08-06 04:35:32,145 - INFO - Preorder added for Guest 'MARINA ARBUTINA' in Cabin '17520'.
2025-08-06 04:38:29,653 - INFO - No standing orders for None on 2025-08-06. Nothing to carry.
2025-08-06 04:38:29,905 - INFO - Loaded 9 allergies
2025-08-06 04:38:29,905 - INFO - Populated allergy combobox with 9 items
2025-08-06 04:38:57,229 - INFO - Preorder added for Guest 'MARINA ARBUTINA' in Cabin '17520'.
2025-08-06 04:39:38,942 - INFO - Preorder added for Guest 'ASHLEY PRZYBILLA' in Cabin '6430'.
2025-08-06 04:40:38,670 - INFO - Preorder added for Guest 'AUDRIS KORTH' in Cabin '9231'.
2025-08-06 04:40:44,178 - INFO - No standing orders for None on 2025-08-06. Nothing to carry.
2025-08-06 04:40:44,444 - INFO - Loaded 9 allergies
2025-08-06 04:40:44,445 - INFO - Populated allergy combobox with 9 items
2025-08-06 04:40:51,275 - INFO - No standing orders for None on 2025-08-06. Nothing to carry.
2025-08-06 04:40:51,507 - INFO - Loaded 9 allergies
2025-08-06 04:40:51,507 - INFO - Populated allergy combobox with 9 items
2025-08-06 04:40:55,092 - INFO - Venue None already carried standing orders today.
2025-08-06 04:40:55,335 - INFO - Loaded 9 allergies
2025-08-06 04:40:55,336 - INFO - Populated allergy combobox with 9 items
2025-08-06 04:47:01,843 - INFO - Database path set to: C:\Users\Ahmet Saygin VAROL\PycharmProjects\orders.db
2025-08-06 04:47:01,844 - INFO - DB init done.
2025-08-06 04:47:01,992 - INFO - Database path set to: C:\Users\Ahmet Saygin VAROL\PycharmProjects\orders.db
2025-08-06 04:47:07,667 - INFO - Manager 'AHMET' logged in.
2025-08-06 04:47:09,505 - INFO - Venue None already carried standing orders today.
2025-08-06 04:47:09,741 - INFO - Loaded 9 allergies
2025-08-06 04:47:09,741 - INFO - Populated allergy combobox with 9 items
2025-08-06 04:48:07,450 - INFO - Database path set to: C:\Users\Ahmet Saygin VAROL\PycharmProjects\orders.db
2025-08-06 04:48:07,451 - INFO - DB init done.
2025-08-06 04:48:07,649 - INFO - Database path set to: C:\Users\Ahmet Saygin VAROL\PycharmProjects\orders.db
2025-08-06 04:48:11,352 - INFO - Manager 'AHMET' logged in.
2025-08-06 04:48:12,290 - INFO - Venue ECLIPSE already carried standing orders today.
2025-08-06 04:48:12,517 - INFO - Loaded 9 allergies
2025-08-06 04:48:12,517 - INFO - Populated allergy combobox with 9 items
2025-08-06 04:48:19,490 - INFO - No standing orders for SANCTUARY on 2025-08-06. Nothing to carry.
2025-08-06 04:48:19,731 - INFO - Loaded 9 allergies
2025-08-06 04:48:19,731 - INFO - Populated allergy combobox with 9 items
2025-08-06 04:48:48,191 - INFO - Preorder added for Guest 'MARINA ARBUTINA' in Cabin '17520'.
2025-08-06 07:07:14,117 - INFO - Database path set to: C:\Users\Ahmet Saygin VAROL\PycharmProjects\orders.db
2025-08-06 07:07:14,126 - INFO - DB init done.
2025-08-06 07:07:14,274 - INFO - Database path set to: C:\Users\Ahmet Saygin VAROL\PycharmProjects\orders.db
2025-08-06 07:07:27,733 - WARNING - Failed login attempt for AHMET.
2025-08-06 07:07:35,678 - INFO - Manager 'AHMET' logged in.
2025-08-06 07:07:41,907 - INFO - Venue ECLIPSE already carried standing orders today.
2025-08-06 07:07:47,037 - INFO - Loaded 9 allergies
2025-08-06 07:07:47,038 - INFO - Populated allergy combobox with 9 items
2025-08-06 09:33:42,599 - INFO - Database path set to: C:\Users\Ahmet Saygin VAROL\PycharmProjects\orders.db
2025-08-06 09:33:42,601 - INFO - DB init done.
2025-08-06 09:33:42,889 - INFO - Database path set to: C:\Users\Ahmet Saygin VAROL\PycharmProjects\orders.db
2025-08-06 09:33:58,898 - INFO - Manager 'SERCAN' logged in.
2025-08-06 09:34:02,099 - INFO - Venue ECLIPSE already carried standing orders today.
2025-08-06 09:34:06,010 - INFO - Loaded 9 allergies
2025-08-06 09:34:06,010 - INFO - Populated allergy combobox with 9 items
2025-08-06 09:37:07,674 - INFO - Preorder added for Guest 'EZRA LUCES' in Cabin '17521'.
2025-08-07 08:09:57,742 - INFO - Database path set to: C:\Users\Ahmet Saygin VAROL\PycharmProjects\orders.db
2025-08-07 08:09:57,745 - INFO - DB init done.
2025-08-07 08:09:57,995 - INFO - Database path set to: C:\Users\Ahmet Saygin VAROL\PycharmProjects\orders.db
2025-08-07 08:10:07,560 - INFO - Manager 'AHMET' logged in.
2025-08-07 08:10:52,707 - INFO - Database path set to: C:\Users\Ahmet Saygin VAROL\PycharmProjects\orders.db
2025-08-07 08:10:52,708 - INFO - DB init done.
2025-08-07 08:10:52,850 - INFO - Database path set to: C:\Users\Ahmet Saygin VAROL\PycharmProjects\orders.db
2025-08-07 08:11:04,102 - INFO - Manager 'AHMET' logged in.
2025-08-07 08:11:08,941 - INFO - Venue ECLIPSE already carried standing orders today.
2025-08-07 08:11:13,436 - INFO - Loaded 9 allergies
2025-08-07 08:11:13,436 - INFO - Populated allergy combobox with 9 items
2025-08-08 00:16:57,509 - INFO - Database path set to: C:\Users\Ahmet Saygin VAROL\PycharmProjects\orders.db
2025-08-08 00:16:57,531 - INFO - DB init done.
2025-08-08 00:16:58,033 - INFO - Database path set to: C:\Users\Ahmet Saygin VAROL\PycharmProjects\orders.db
2025-08-08 00:17:02,476 - INFO - Manager 'AHMET' logged in.
2025-08-08 00:17:04,580 - INFO - Loaded 9 allergies
2025-08-08 00:17:04,580 - INFO - Populated allergy combobox with 9 items
2025-08-08 03:00:21,292 - INFO - Database path set to: C:\Users\Ahmet Saygin VAROL\PycharmProjects\orders.db
2025-08-08 03:00:21,368 - INFO - DB init done.
2025-08-08 03:00:23,246 - INFO - Database path set to: C:\Users\Ahmet Saygin VAROL\PycharmProjects\orders.db
2025-08-08 03:00:34,755 - INFO - Manager 'AHMET' logged in.
2025-08-08 03:00:35,741 - INFO - Venue ECLIPSE already carried standing orders today.
2025-08-08 03:00:35,999 - INFO - Loaded 9 allergies
2025-08-08 03:00:35,999 - INFO - Populated allergy combobox with 9 items
2025-08-08 03:18:28,842 - INFO - Database path set to: C:\Users\Ahmet Saygin VAROL\PycharmProjects\orders.db
2025-08-08 03:18:28,843 - INFO - DB init done.
2025-08-08 03:18:29,002 - INFO - Database path set to: C:\Users\Ahmet Saygin VAROL\PycharmProjects\orders.db
2025-08-08 03:18:36,665 - INFO - Manager 'AHMET' logged in.
2025-08-08 03:18:37,872 - INFO - Venue ECLIPSE already carried standing orders today.
2025-08-08 03:18:38,117 - INFO - Loaded 9 allergies
2025-08-08 03:18:38,117 - INFO - Populated allergy combobox with 9 items
2025-08-08 04:21:58,653 - INFO - Database path set to: C:\Users\Ahmet Saygin VAROL\PycharmProjects\orders.db
2025-08-08 04:21:58,654 - INFO - DB init done.
2025-08-08 04:21:58,792 - INFO - Database path set to: C:\Users\Ahmet Saygin VAROL\PycharmProjects\orders.db
2025-08-08 04:22:03,210 - INFO - Manager 'AHMET' logged in.
2025-08-08 04:22:06,524 - INFO - Loaded 9 allergies
2025-08-08 04:22:06,524 - INFO - Populated allergy combobox with 9 items
2025-08-08 04:22:26,369 - INFO - No standing orders for SANCTUARY on 2025-08-08. Nothing to carry.
2025-08-08 04:22:26,633 - INFO - Loaded 9 allergies
2025-08-08 04:22:26,633 - INFO - Populated allergy combobox with 9 items
2025-08-08 03:24:05,733 - INFO - Database path set to: C:\Users\Ahmet Saygin VAROL\PycharmProjects\orders.db
2025-08-08 03:24:05,735 - INFO - DB init done.
2025-08-08 03:24:05,846 - INFO - Database path set to: C:\Users\Ahmet Saygin VAROL\PycharmProjects\orders.db
2025-08-08 03:24:10,102 - INFO - Manager 'AHMET' logged in.
2025-08-08 03:24:12,215 - INFO - Loaded 9 allergies
2025-08-08 03:24:12,215 - INFO - Populated allergy combobox with 9 items
2025-08-08 03:24:25,731 - INFO - No standing orders for SOLEIL on 2025-08-07. Nothing to carry.
2025-08-08 03:24:26,016 - INFO - Loaded 9 allergies
2025-08-08 03:24:26,016 - INFO - Populated allergy combobox with 9 items
2025-08-08 03:24:39,162 - INFO - No standing orders for SANCTUARY on 2025-08-07. Nothing to carry.
2025-08-08 03:24:39,435 - INFO - Loaded 9 allergies
2025-08-08 03:24:39,435 - INFO - Populated allergy combobox with 9 items
2025-08-08 03:27:18,010 - INFO - Preorder added for Guest 'YOLANDA SCHMIT' in Cabin '9242'.
2025-08-08 03:35:37,416 - INFO - Database path set to: C:\Users\Ahmet Saygin VAROL\PycharmProjects\orders.db
2025-08-08 03:35:37,417 - INFO - DB init done.
2025-08-08 03:35:37,534 - INFO - Database path set to: C:\Users\Ahmet Saygin VAROL\PycharmProjects\orders.db
2025-08-08 03:35:40,951 - INFO - Manager 'AHMET' logged in.
2025-08-08 03:35:42,160 - INFO - Venue ECLIPSE already carried standing orders today.
2025-08-08 03:35:42,404 - INFO - Loaded 9 allergies
2025-08-08 03:35:42,405 - INFO - Populated allergy combobox with 9 items
2025-08-08 03:35:51,105 - INFO - No standing orders for SANCTUARY on 2025-08-07. Nothing to carry.
2025-08-08 03:35:51,375 - INFO - Loaded 9 allergies
2025-08-08 03:35:51,375 - INFO - Populated allergy combobox with 9 items
2025-08-08 03:35:56,724 - INFO - No standing orders for SOLEIL on 2025-08-07. Nothing to carry.
2025-08-08 03:35:56,991 - INFO - Loaded 9 allergies
2025-08-08 03:35:56,991 - INFO - Populated allergy combobox with 9 items
2025-08-08 03:36:03,481 - INFO - No standing orders for SANCTUARY on 2025-08-07. Nothing to carry.
2025-08-08 03:36:03,738 - INFO - Loaded 9 allergies
2025-08-08 03:36:03,738 - INFO - Populated allergy combobox with 9 items
2025-08-08 03:36:16,926 - INFO - No standing orders for SANCTUARY on 2025-08-07. Nothing to carry.
2025-08-08 03:36:17,180 - INFO - Loaded 9 allergies
2025-08-08 03:36:17,180 - INFO - Populated allergy combobox with 9 items
2025-08-08 04:08:15,192 - INFO - Database path set to: C:\Users\Ahmet Saygin VAROL\PycharmProjects\orders.db
2025-08-08 04:08:15,202 - INFO - DB init done.
2025-08-08 04:08:15,406 - INFO - Database path set to: C:\Users\Ahmet Saygin VAROL\PycharmProjects\orders.db
2025-08-08 04:08:20,142 - INFO - Manager 'AHMET' logged in.
2025-08-08 04:08:22,437 - INFO - Loaded 9 allergies
2025-08-08 04:08:22,437 - INFO - Populated allergy combobox with 9 items
2025-08-08 04:08:30,607 - INFO - No standing orders for SOLEIL on 2025-08-08. Nothing to carry.
2025-08-08 04:08:30,871 - INFO - Loaded 9 allergies
2025-08-08 04:08:30,871 - INFO - Populated allergy combobox with 9 items
2025-08-08 04:09:44,559 - INFO - Preorder added for Guest 'ROGER LAROCHELLE' in Cabin '10318'.
2025-08-09 01:18:45,467 - INFO - Database path set to: C:\Users\Ahmet Saygin VAROL\PycharmProjects\orders.db
2025-08-09 01:18:45,496 - INFO - DB init done.
2025-08-09 01:18:47,363 - INFO - Database path set to: C:\Users\Ahmet Saygin VAROL\PycharmProjects\orders.db
2025-08-09 01:19:18,035 - INFO - Database path set to: C:\Users\Ahmet Saygin VAROL\PycharmProjects\orders.db
2025-08-09 01:19:18,037 - INFO - DB init done.
2025-08-09 01:19:20,062 - INFO - Database path set to: C:\Users\Ahmet Saygin VAROL\PycharmProjects\orders.db
2025-08-09 01:19:25,817 - WARNING - Failed login attempt for AHMET.
2025-08-09 01:19:27,604 - INFO - Manager 'AHMET' logged in.
2025-08-09 01:19:29,029 - INFO - Venue ECLIPSE already carried standing orders today.
2025-08-09 01:19:29,276 - INFO - Loaded 9 allergies
2025-08-09 01:19:29,276 - INFO - Populated allergy combobox with 9 items
2025-08-09 01:21:08,198 - INFO - Database path set to: C:\Users\Ahmet Saygin VAROL\PycharmProjects\orders.db
2025-08-09 01:21:08,199 - INFO - DB init done.
2025-08-09 01:24:55,167 - INFO - Database path set to: C:\Users\Ahmet Saygin VAROL\PycharmProjects\orders.db
2025-08-09 01:24:55,175 - INFO - DB init done.
2025-08-09 01:24:55,965 - INFO - Database path set to: C:\Users\Ahmet Saygin VAROL\PycharmProjects\orders.db
2025-08-09 01:25:01,584 - INFO - Manager 'AHMET' logged in.
2025-08-09 01:25:03,381 - INFO - Venue ECLIPSE already carried standing orders today.
2025-08-09 01:25:04,228 - INFO - Loaded 9 allergies
2025-08-09 01:25:04,229 - INFO - Populated allergy combobox with 9 items
2025-08-09 01:26:29,394 - INFO - Database path set to: C:\Users\Ahmet Saygin VAROL\PycharmProjects\orders.db
2025-08-09 01:26:29,395 - INFO - DB init done.
2025-08-09 01:26:29,894 - INFO - Database path set to: C:\Users\Ahmet Saygin VAROL\PycharmProjects\orders.db
2025-08-09 01:26:34,368 - INFO - Manager 'AHMET' logged in.
2025-08-09 01:26:36,152 - INFO - Venue ECLIPSE already carried standing orders today.
2025-08-09 01:26:37,257 - INFO - Loaded 9 allergies
2025-08-09 01:26:37,258 - INFO - Populated allergy combobox with 9 items
2025-08-09 01:26:49,600 - INFO - Database path set to: C:\Users\Ahmet Saygin VAROL\PycharmProjects\orders.db
2025-08-09 01:26:49,602 - INFO - DB init done.
2025-08-09 01:26:49,917 - INFO - Database path set to: C:\Users\Ahmet Saygin VAROL\PycharmProjects\orders.db
2025-08-09 01:26:53,947 - INFO - Manager 'AHMET' logged in.
2025-08-09 01:26:55,478 - INFO - Venue ECLIPSE already carried standing orders today.
2025-08-09 01:26:56,561 - INFO - Loaded 9 allergies
2025-08-09 01:26:56,561 - INFO - Populated allergy combobox with 9 items
2025-08-09 01:29:03,080 - INFO - Database path set to: C:\Users\Ahmet Saygin VAROL\PycharmProjects\orders.db
2025-08-09 01:29:03,083 - INFO - DB init done.
2025-08-09 01:29:04,505 - INFO - Database path set to: C:\Users\Ahmet Saygin VAROL\PycharmProjects\orders.db
2025-08-09 01:29:08,779 - INFO - Manager 'AHMET' logged in.
2025-08-09 01:29:10,251 - INFO - Venue ECLIPSE already carried standing orders today.
2025-08-09 01:29:11,109 - INFO - Loaded 9 allergies
2025-08-09 01:29:11,111 - INFO - Populated allergy combobox with 9 items
2025-08-09 02:09:22,044 - INFO - Database path set to: C:\Users\Ahmet Saygin VAROL\PycharmProjects\orders.db
2025-08-09 02:09:22,045 - INFO - DB init done.
2025-08-09 02:09:22,226 - INFO - Database path set to: C:\Users\Ahmet Saygin VAROL\PycharmProjects\orders.db
2025-08-09 02:09:26,467 - INFO - Manager 'AHMET' logged in.
2025-08-09 02:09:27,833 - INFO - Venue ECLIPSE already carried standing orders today.
2025-08-09 02:12:41,829 - INFO - Database path set to: C:\Users\Ahmet Saygin VAROL\PycharmProjects\orders.db
2025-08-09 02:12:41,830 - INFO - DB init done.
2025-08-09 02:12:41,949 - INFO - Database path set to: C:\Users\Ahmet Saygin VAROL\PycharmProjects\orders.db
2025-08-09 02:12:46,004 - INFO - Manager 'AHMET' logged in.
2025-08-09 02:12:47,180 - INFO - Venue ECLIPSE already carried standing orders today.
2025-08-09 02:12:48,210 - INFO - Loaded 9 allergies
2025-08-09 02:12:48,211 - INFO - Populated allergy combobox with 9 items
2025-08-09 02:24:24,593 - INFO - Preorder added for Guest 'VERNON MANNING' in Cabin '12336'.
2025-08-09 02:27:33,194 - INFO - Order from DB removed for Cabin '12336', Guest 'VERNON MANNING' by Manager 'AHMET'.
2025-08-09 02:49:58,639 - INFO - Database path set to: C:\Users\Ahmet Saygin VAROL\PycharmProjects\orders.db
2025-08-09 02:49:58,659 - INFO - DB init done.
2025-08-09 02:49:59,142 - INFO - Database path set to: C:\Users\Ahmet Saygin VAROL\PycharmProjects\orders.db
2025-08-09 02:50:05,320 - INFO - Manager 'AHMET' logged in.
2025-08-09 02:50:09,632 - INFO - Venue ECLIPSE already carried standing orders today.
2025-08-09 02:50:09,877 - INFO - Loaded 9 allergies
2025-08-09 02:50:09,878 - INFO - Populated allergy combobox with 9 items
2025-08-09 02:51:40,157 - INFO - Database path set to: C:\Users\Ahmet Saygin VAROL\PycharmProjects\orders.db
2025-08-09 02:51:40,158 - INFO - DB init done.
2025-08-09 02:51:40,274 - INFO - Database path set to: C:\Users\Ahmet Saygin VAROL\PycharmProjects\orders.db
2025-08-09 02:51:43,830 - INFO - Manager 'AHMET' logged in.
2025-08-09 02:51:44,800 - INFO - Venue ECLIPSE already carried standing orders today.
2025-08-09 02:51:45,033 - INFO - Loaded 9 allergies
2025-08-09 02:51:45,033 - INFO - Populated allergy combobox with 9 items
2025-08-09 03:51:17,874 - INFO - Preorder added for Guest 'CECILIA BJERKHOF' in Cabin '6423'.
2025-08-09 04:24:06,342 - INFO - Database path set to: C:\Users\Ahmet Saygin VAROL\PycharmProjects\orders.db
2025-08-09 04:24:06,345 - INFO - DB init done.
2025-08-09 04:24:06,707 - INFO - Database path set to: C:\Users\Ahmet Saygin VAROL\PycharmProjects\orders.db
2025-08-09 04:24:10,964 - INFO - Manager 'AHMET' logged in.
2025-08-09 04:24:12,410 - INFO - No standing orders for ECLIPSE on 2025-08-09. Nothing to carry.
2025-08-09 04:24:12,653 - INFO - Loaded 9 allergies
2025-08-09 04:24:12,653 - INFO - Populated allergy combobox with 9 items
2025-08-09 04:54:45,999 - INFO - Database path set to: C:\Users\Ahmet Saygin VAROL\PycharmProjects\orders.db
2025-08-09 04:54:46,008 - INFO - DB init done.
2025-08-09 04:54:46,171 - INFO - Database path set to: C:\Users\Ahmet Saygin VAROL\PycharmProjects\orders.db
2025-08-10 04:18:10,143 - INFO - Database path set to: C:\Users\Ahmet Saygin VAROL\PycharmProjects\orders.db
2025-08-10 04:18:10,158 - INFO - DB init done.
2025-08-10 04:18:10,464 - INFO - Database path set to: C:\Users\Ahmet Saygin VAROL\PycharmProjects\orders.db
2025-08-10 04:18:18,997 - WARNING - Failed login attempt for AHMET.
2025-08-10 04:18:23,281 - WARNING - Failed login attempt for AHMET.
2025-08-10 04:18:32,465 - WARNING - Failed login attempt for ADMIN.
2025-08-10 04:18:35,768 - WARNING - Failed login attempt for ADMIN.
2025-08-10 04:19:51,974 - INFO - Database path set to: C:\Users\Ahmet Saygin VAROL\PycharmProjects\orders.db
2025-08-10 04:19:51,976 - INFO - DB init done.
2025-08-10 04:19:52,872 - INFO - Database path set to: C:\Users\Ahmet Saygin VAROL\PycharmProjects\orders.db
2025-08-10 04:19:56,061 - INFO - Manager 'AHMET' logged in.
2025-08-10 04:19:56,958 - INFO - No standing orders for ECLIPSE on 2025-08-10. Nothing to carry.
2025-08-10 04:19:57,184 - INFO - Loaded 9 allergies
2025-08-10 04:19:57,184 - INFO - Populated allergy combobox with 9 items
2025-08-10 08:35:24,747 - INFO - Database path set to: C:\Users\Ahmet Saygin VAROL\PycharmProjects\orders.db
2025-08-10 08:35:24,756 - INFO - DB init done.
2025-08-10 08:38:32,296 - INFO - Database path set to: C:\Users\Ahmet Saygin VAROL\PycharmProjects\orders.db
2025-08-10 08:38:32,298 - INFO - DB init done.
2025-08-10 08:38:32,509 - INFO - Database path set to: C:\Users\Ahmet Saygin VAROL\PycharmProjects\orders.db
2025-08-10 08:38:33,172 - INFO - package: mysql.connector.plugins
2025-08-10 08:38:33,173 - INFO - plugin_name: mysql_native_password
2025-08-10 08:38:33,176 - INFO - AUTHENTICATION_PLUGIN_CLASS: MySQLNativePasswordAuthPlugin
2025-08-10 08:38:49,513 - INFO - Manager 'AHMET' logged in.
2025-08-10 08:39:02,158 - INFO - Venue ECLIPSE already carried standing orders today.
2025-08-10 08:39:15,787 - INFO - Loaded 9 allergies
2025-08-10 08:39:15,788 - INFO - Populated allergy combobox with 9 items
2025-08-10 08:43:20,186 - INFO - Database path set to: C:\Users\Ahmet Saygin VAROL\PycharmProjects\orders.db
2025-08-10 08:43:20,187 - INFO - DB init done.
2025-08-10 08:43:20,301 - INFO - Database path set to: C:\Users\Ahmet Saygin VAROL\PycharmProjects\orders.db
2025-08-10 08:43:21,560 - INFO - package: mysql.connector.plugins
2025-08-10 08:43:21,560 - INFO - plugin_name: mysql_native_password
2025-08-10 08:43:21,561 - INFO - AUTHENTICATION_PLUGIN_CLASS: MySQLNativePasswordAuthPlugin
2025-08-10 08:43:42,980 - INFO - Database path set to: C:\Users\Ahmet Saygin VAROL\PycharmProjects\orders.db
2025-08-10 08:43:42,982 - INFO - DB init done.
2025-08-10 08:43:43,210 - INFO - Database path set to: C:\Users\Ahmet Saygin VAROL\PycharmProjects\orders.db
2025-08-10 08:43:43,730 - INFO - package: mysql.connector.plugins
2025-08-10 08:43:43,730 - INFO - plugin_name: mysql_native_password
2025-08-10 08:43:43,731 - INFO - AUTHENTICATION_PLUGIN_CLASS: MySQLNativePasswordAuthPlugin
2025-08-10 08:44:14,371 - INFO - Database path set to: C:\Users\Ahmet Saygin VAROL\PycharmProjects\orders.db
2025-08-10 08:44:14,372 - INFO - DB init done.
2025-08-10 08:44:14,508 - INFO - Database path set to: C:\Users\Ahmet Saygin VAROL\PycharmProjects\orders.db
2025-08-10 08:44:14,981 - INFO - package: mysql.connector.plugins
2025-08-10 08:44:14,981 - INFO - plugin_name: mysql_native_password
2025-08-10 08:44:14,982 - INFO - AUTHENTICATION_PLUGIN_CLASS: MySQLNativePasswordAuthPlugin
2025-08-10 08:47:44,574 - INFO - Database path set to: C:\Users\Ahmet Saygin VAROL\PycharmProjects\orders.db
2025-08-10 08:47:44,575 - INFO - DB init done.
2025-08-10 08:47:44,883 - INFO - Database path set to: C:\Users\Ahmet Saygin VAROL\PycharmProjects\orders.db
2025-08-10 08:47:45,465 - INFO - package: mysql.connector.plugins
2025-08-10 08:47:45,465 - INFO - plugin_name: mysql_native_password
2025-08-10 08:47:45,466 - INFO - AUTHENTICATION_PLUGIN_CLASS: MySQLNativePasswordAuthPlugin
2025-08-10 08:47:55,939 - INFO - Manager 'AHMET' logged in.
2025-08-10 08:48:02,087 - INFO - Venue ECLIPSE already carried standing orders today.
2025-08-10 08:48:18,857 - INFO - Loaded 9 allergies
2025-08-10 08:48:18,857 - INFO - Populated allergy combobox with 9 items
2025-08-10 08:49:03,801 - INFO - Database path set to: C:\Users\Ahmet Saygin VAROL\PycharmProjects\orders.db
2025-08-10 08:49:03,802 - INFO - DB init done.
2025-08-10 08:49:04,285 - INFO - Database path set to: C:\Users\Ahmet Saygin VAROL\PycharmProjects\orders.db
2025-08-10 08:49:04,913 - INFO - package: mysql.connector.plugins
2025-08-10 08:49:04,913 - INFO - plugin_name: mysql_native_password
2025-08-10 08:49:04,914 - INFO - AUTHENTICATION_PLUGIN_CLASS: MySQLNativePasswordAuthPlugin
2025-08-10 08:49:18,853 - INFO - Manager 'AHMET' logged in.
2025-08-10 08:49:23,986 - INFO - Venue ECLIPSE already carried standing orders today.
2025-08-10 08:49:35,488 - INFO - Loaded 9 allergies
2025-08-10 08:49:35,489 - INFO - Populated allergy combobox with 9 items
2025-08-10 08:51:44,893 - INFO - Database path set to: C:\Users\Ahmet Saygin VAROL\PycharmProjects\orders.db
2025-08-10 08:51:44,894 - INFO - DB init done.
2025-08-10 08:51:45,502 - INFO - Database path set to: C:\Users\Ahmet Saygin VAROL\PycharmProjects\orders.db
2025-08-10 08:51:46,053 - INFO - package: mysql.connector.plugins
2025-08-10 08:51:46,053 - INFO - plugin_name: mysql_native_password
2025-08-10 08:51:46,054 - INFO - AUTHENTICATION_PLUGIN_CLASS: MySQLNativePasswordAuthPlugin
2025-08-10 08:51:56,474 - INFO - Manager 'AHMET' logged in.
2025-08-10 08:52:04,097 - INFO - Venue ECLIPSE already carried standing orders today.
2025-08-10 08:52:13,007 - INFO - Loaded 9 allergies
2025-08-10 08:52:13,007 - INFO - Populated allergy combobox with 9 items
2025-08-10 08:53:19,914 - INFO - Database path set to: C:\Users\Ahmet Saygin VAROL\PycharmProjects\orders.db
2025-08-10 08:53:19,915 - INFO - DB init done.
2025-08-10 08:53:20,049 - INFO - Database path set to: C:\Users\Ahmet Saygin VAROL\PycharmProjects\orders.db
2025-08-10 08:53:20,612 - INFO - package: mysql.connector.plugins
2025-08-10 08:53:20,612 - INFO - plugin_name: mysql_native_password
2025-08-10 08:53:20,612 - INFO - AUTHENTICATION_PLUGIN_CLASS: MySQLNativePasswordAuthPlugin
2025-08-10 08:53:29,747 - INFO - Manager 'AHMET' logged in.
2025-08-10 08:53:35,393 - INFO - Venue ECLIPSE already carried standing orders today.
2025-08-10 08:53:45,375 - INFO - Loaded 9 allergies
2025-08-10 08:53:45,376 - INFO - Populated allergy combobox with 9 items
2025-08-10 08:51:46,805 - INFO - Database path set to: C:\Users\Ahmet Saygin VAROL\PycharmProjects\orders.db
2025-08-10 08:51:46,807 - INFO - DB init done.
2025-08-10 08:51:47,394 - INFO - Database path set to: C:\Users\Ahmet Saygin VAROL\PycharmProjects\orders.db
2025-08-10 08:51:47,970 - INFO - package: mysql.connector.plugins
2025-08-10 08:51:47,970 - INFO - plugin_name: mysql_native_password
2025-08-10 08:51:47,971 - INFO - AUTHENTICATION_PLUGIN_CLASS: MySQLNativePasswordAuthPlugin
2025-08-10 08:52:00,126 - INFO - Manager 'AHMET' logged in.
2025-08-10 08:52:11,633 - INFO - Venue ECLIPSE already carried standing orders today.
2025-08-10 08:52:23,103 - INFO - Loaded 9 allergies
2025-08-10 08:52:23,104 - INFO - Populated allergy combobox with 9 items
2025-08-10 08:54:38,357 - INFO - Database path set to: C:\Users\Ahmet Saygin VAROL\PycharmProjects\orders.db
2025-08-10 08:54:38,358 - INFO - DB init done.
2025-08-10 08:54:38,560 - INFO - Database path set to: C:\Users\Ahmet Saygin VAROL\PycharmProjects\orders.db
2025-08-10 08:54:39,117 - INFO - package: mysql.connector.plugins
2025-08-10 08:54:39,117 - INFO - plugin_name: mysql_native_password
2025-08-10 08:54:39,120 - INFO - AUTHENTICATION_PLUGIN_CLASS: MySQLNativePasswordAuthPlugin
2025-08-10 08:54:54,224 - INFO - Manager 'AHMET' logged in.
2025-08-10 08:55:02,363 - INFO - Venue ECLIPSE already carried standing orders today.
2025-08-10 08:55:12,571 - INFO - Loaded 9 allergies
2025-08-10 08:55:12,571 - INFO - Populated allergy combobox with 9 items
2025-08-10 08:56:04,301 - INFO - Database path set to: C:\Users\Ahmet Saygin VAROL\PycharmProjects\orders.db
2025-08-10 08:56:04,302 - INFO - DB init done.
2025-08-10 08:56:04,423 - INFO - Database path set to: C:\Users\Ahmet Saygin VAROL\PycharmProjects\orders.db
2025-08-10 08:56:04,916 - INFO - package: mysql.connector.plugins
2025-08-10 08:56:04,917 - INFO - plugin_name: mysql_native_password
2025-08-10 08:56:04,917 - INFO - AUTHENTICATION_PLUGIN_CLASS: MySQLNativePasswordAuthPlugin
2025-08-10 08:56:17,892 - INFO - Manager 'AHMET' logged in.
2025-08-10 08:56:25,158 - INFO - Venue ECLIPSE already carried standing orders today.
2025-08-10 08:56:38,967 - INFO - Loaded 9 allergies
2025-08-10 08:56:38,967 - INFO - Populated allergy combobox with 9 items
2025-08-10 09:01:51,802 - INFO - Database path set to: C:\Users\Ahmet Saygin VAROL\PycharmProjects\orders.db
2025-08-10 09:01:51,803 - INFO - DB init done.
2025-08-10 09:01:51,935 - INFO - Database path set to: C:\Users\Ahmet Saygin VAROL\PycharmProjects\orders.db
2025-08-10 09:01:52,438 - INFO - package: mysql.connector.plugins
2025-08-10 09:01:52,438 - INFO - plugin_name: mysql_native_password
2025-08-10 09:01:52,439 - INFO - AUTHENTICATION_PLUGIN_CLASS: MySQLNativePasswordAuthPlugin
2025-08-10 09:02:02,467 - INFO - Manager 'AHMET' logged in.
2025-08-10 09:02:09,848 - INFO - Venue ECLIPSE already carried standing orders today.
2025-08-10 09:02:21,263 - INFO - Loaded 9 allergies
2025-08-10 09:02:21,263 - INFO - Populated allergy combobox with 9 items
2025-08-11 00:27:32,209 - INFO - Database path set to: C:\Users\Ahmet Saygin VAROL\PycharmProjects\orders.db
2025-08-11 00:27:32,218 - INFO - DB init done.
2025-08-11 00:27:32,493 - INFO - Database path set to: C:\Users\Ahmet Saygin VAROL\PycharmProjects\orders.db
2025-08-11 00:27:34,803 - INFO - package: mysql.connector.plugins
2025-08-11 00:27:34,804 - INFO - plugin_name: mysql_native_password
2025-08-11 00:27:34,807 - INFO - AUTHENTICATION_PLUGIN_CLASS: MySQLNativePasswordAuthPlugin
2025-08-11 00:28:15,512 - INFO - Manager 'AHMET' logged in.
2025-08-11 00:28:30,649 - INFO - Venue ECLIPSE already carried standing orders today.
2025-08-11 00:29:21,559 - INFO - Loaded 9 allergies
2025-08-11 00:29:21,559 - INFO - Populated allergy combobox with 9 items
2025-08-11 00:31:26,618 - INFO - Database path set to: C:\Users\Ahmet Saygin VAROL\PycharmProjects\orders.db
2025-08-11 00:31:26,649 - INFO - DB init done.
2025-08-11 00:31:28,531 - INFO - Database path set to: C:\Users\Ahmet Saygin VAROL\PycharmProjects\orders.db
2025-08-11 00:32:57,712 - INFO - Database path set to: C:\Users\Ahmet Saygin VAROL\PycharmProjects\orders.db
2025-08-11 00:32:57,720 - INFO - DB init done.
2025-08-11 00:32:58,185 - INFO - Database path set to: C:\Users\Ahmet Saygin VAROL\PycharmProjects\orders.db
2025-08-11 02:08:15,691 - INFO - Database path set to: C:\Users\Ahmet Saygin VAROL\PycharmProjects\orders.db
2025-08-11 02:08:15,770 - INFO - DB init done.
2025-08-11 02:08:16,820 - INFO - Database path set to: C:\Users\Ahmet Saygin VAROL\PycharmProjects\orders.db
2025-08-11 02:08:20,960 - WARNING - Failed login attempt for CHEF.
2025-08-11 02:08:58,956 - INFO - Manager 'AHMET' logged in.
2025-08-11 02:09:00,048 - INFO - No standing orders for ECLIPSE on 2025-08-10. Nothing to carry.
2025-08-11 03:01:42,825 - INFO - Database path set to: C:\Users\Ahmet Saygin VAROL\PycharmProjects\orders.db
2025-08-11 03:01:42,848 - INFO - DB init done.
2025-08-11 03:01:43,356 - INFO - Database path set to: C:\Users\Ahmet Saygin VAROL\PycharmProjects\orders.db
2025-08-11 03:01:43,748 - INFO - package: mysql.connector.plugins
2025-08-11 03:01:43,748 - INFO - plugin_name: mysql_native_password
2025-08-11 03:01:43,750 - INFO - AUTHENTICATION_PLUGIN_CLASS: MySQLNativePasswordAuthPlugin
2025-08-11 03:01:43,752 - INFO - package: mysql.connector.plugins
2025-08-11 03:01:43,752 - INFO - plugin_name: caching_sha2_password
2025-08-11 03:01:43,752 - INFO - AUTHENTICATION_PLUGIN_CLASS: MySQLCachingSHA2PasswordAuthPlugin
2025-08-11 03:01:48,778 - INFO - Manager 'AHMET' logged in.
2025-08-11 03:01:50,579 - INFO - No standing orders for ECLIPSE on 2025-08-10. Nothing to carry.
2025-08-11 03:01:51,540 - INFO - Loaded 9 allergies
2025-08-11 03:01:51,540 - INFO - Populated allergy combobox with 9 items
2025-08-11 03:55:55,538 - INFO - Database path set to: C:\Users\Ahmet Saygin VAROL\PycharmProjects\orders.db
2025-08-11 03:55:55,552 - INFO - DB init done.
2025-08-11 03:55:55,900 - INFO - Database path set to: C:\Users\Ahmet Saygin VAROL\PycharmProjects\orders.db
2025-08-11 03:55:56,618 - INFO - package: mysql.connector.plugins
2025-08-11 03:55:56,618 - INFO - plugin_name: mysql_native_password
2025-08-11 03:55:56,620 - INFO - AUTHENTICATION_PLUGIN_CLASS: MySQLNativePasswordAuthPlugin
2025-08-11 03:56:33,095 - INFO - Manager 'AHMET' logged in.
2025-08-11 03:57:22,791 - INFO - Loaded 9 allergies
2025-08-11 03:57:22,791 - INFO - Populated allergy combobox with 9 items
2025-08-12 00:45:28,141 - INFO - Database path set to: C:\Users\Ahmet Saygin VAROL\PycharmProjects\orders.db
2025-08-12 00:45:28,154 - INFO - DB init done.
2025-08-12 00:45:28,395 - INFO - Database path set to: C:\Users\Ahmet Saygin VAROL\PycharmProjects\orders.db
2025-08-12 00:45:29,422 - INFO - package: mysql.connector.plugins
2025-08-12 00:45:29,423 - INFO - plugin_name: mysql_native_password
2025-08-12 00:45:29,426 - INFO - AUTHENTICATION_PLUGIN_CLASS: MySQLNativePasswordAuthPlugin
2025-08-12 00:45:47,366 - INFO - Manager 'AHMET' logged in.
2025-08-12 00:45:55,435 - INFO - Venue ECLIPSE already carried standing orders today.
2025-08-12 00:46:17,100 - INFO - Loaded 9 allergies
2025-08-12 00:46:17,100 - INFO - Populated allergy combobox with 9 items
2025-08-12 00:47:51,593 - INFO - Database path set to: C:\Users\Ahmet Saygin VAROL\PycharmProjects\orders.db
2025-08-12 00:47:51,595 - INFO - DB init done.
2025-08-12 00:47:52,150 - INFO - Database path set to: C:\Users\Ahmet Saygin VAROL\PycharmProjects\orders.db
2025-08-12 00:47:52,635 - INFO - package: mysql.connector.plugins
2025-08-12 00:47:52,635 - INFO - plugin_name: mysql_native_password
2025-08-12 00:47:52,638 - INFO - AUTHENTICATION_PLUGIN_CLASS: MySQLNativePasswordAuthPlugin
2025-08-12 00:48:04,261 - INFO - Manager 'AHMET' logged in.
2025-08-12 00:48:11,681 - INFO - Venue ECLIPSE already carried standing orders today.
2025-08-12 00:48:33,437 - INFO - Loaded 9 allergies
2025-08-12 00:48:33,437 - INFO - Populated allergy combobox with 9 items
2025-08-12 00:54:07,070 - INFO - Database path set to: C:\Users\Ahmet Saygin VAROL\PycharmProjects\orders.db
2025-08-12 00:54:07,071 - INFO - DB init done.
2025-08-12 00:54:07,324 - INFO - Database path set to: C:\Users\Ahmet Saygin VAROL\PycharmProjects\orders.db
2025-08-12 00:54:07,943 - INFO - package: mysql.connector.plugins
2025-08-12 00:54:07,943 - INFO - plugin_name: mysql_native_password
2025-08-12 00:54:07,944 - INFO - AUTHENTICATION_PLUGIN_CLASS: MySQLNativePasswordAuthPlugin
2025-08-12 00:54:26,322 - INFO - Manager 'AHMET' logged in.
2025-08-12 00:54:35,328 - INFO - Venue ECLIPSE already carried standing orders today.
2025-08-12 00:54:53,366 - INFO - Loaded 9 allergies
2025-08-12 00:54:53,366 - INFO - Populated allergy combobox with 9 items
2025-08-12 00:55:31,934 - INFO - Preorder added for Guest 'EKREM ALTIC' in Cabin '12420'.
2025-08-12 00:59:05,651 - INFO - Database path set to: C:\Users\Ahmet Saygin VAROL\PycharmProjects\orders.db
2025-08-12 00:59:05,653 - INFO - DB init done.
2025-08-12 00:59:05,776 - INFO - Database path set to: C:\Users\Ahmet Saygin VAROL\PycharmProjects\orders.db
2025-08-12 00:59:06,268 - INFO - package: mysql.connector.plugins
2025-08-12 00:59:06,268 - INFO - plugin_name: mysql_native_password
2025-08-12 00:59:06,269 - INFO - AUTHENTICATION_PLUGIN_CLASS: MySQLNativePasswordAuthPlugin
2025-08-12 00:59:20,146 - INFO - Manager 'AHMET' logged in.
2025-08-12 00:59:28,550 - INFO - Venue ECLIPSE already carried standing orders today.
2025-08-12 00:59:46,503 - INFO - Loaded 9 allergies
2025-08-12 00:59:46,503 - INFO - Populated allergy combobox with 9 items
2025-08-12 01:05:35,616 - INFO - Database path set to: C:\Users\Ahmet Saygin VAROL\PycharmProjects\orders.db
2025-08-12 01:05:35,634 - INFO - DB init done.
2025-08-12 01:05:36,467 - INFO - Database path set to: C:\Users\Ahmet Saygin VAROL\PycharmProjects\orders.db
2025-08-12 01:05:37,705 - INFO - package: mysql.connector.plugins
2025-08-12 01:05:37,706 - INFO - plugin_name: mysql_native_password
2025-08-12 01:05:37,709 - INFO - AUTHENTICATION_PLUGIN_CLASS: MySQLNativePasswordAuthPlugin
2025-08-12 01:05:53,856 - INFO - Manager 'AHMET' logged in.
2025-08-12 01:06:03,992 - INFO - Venue ECLIPSE already carried standing orders today.
2025-08-12 01:06:26,045 - INFO - Loaded 9 allergies
2025-08-12 01:06:26,046 - INFO - Populated allergy combobox with 9 items
2025-08-12 01:09:33,059 - INFO - Database path set to: C:\Users\Ahmet Saygin VAROL\PycharmProjects\orders.db
2025-08-12 01:09:33,060 - INFO - DB init done.
2025-08-12 01:09:33,232 - INFO - Database path set to: C:\Users\Ahmet Saygin VAROL\PycharmProjects\orders.db
2025-08-12 01:09:33,523 - INFO - package: mysql.connector.plugins
2025-08-12 01:09:33,523 - INFO - plugin_name: mysql_native_password
2025-08-12 01:09:33,524 - INFO - AUTHENTICATION_PLUGIN_CLASS: MySQLNativePasswordAuthPlugin
2025-08-12 01:09:33,526 - INFO - package: mysql.connector.plugins
2025-08-12 01:09:33,526 - INFO - plugin_name: caching_sha2_password
2025-08-12 01:09:33,526 - INFO - AUTHENTICATION_PLUGIN_CLASS: MySQLCachingSHA2PasswordAuthPlugin
2025-08-12 01:09:37,449 - INFO - Manager 'AHMET' logged in.
2025-08-12 01:09:38,553 - INFO - No standing orders for ECLIPSE on 2025-08-11. Nothing to carry.
2025-08-12 01:09:39,666 - INFO - Loaded 9 allergies
2025-08-12 01:09:39,666 - INFO - Populated allergy combobox with 9 items
2025-08-12 01:10:17,396 - INFO - Preorder added for Guest 'EMMET CARROLL' in Cabin '10207'.
2025-08-12 03:03:25,948 - INFO - Database path set to: C:\Users\Ahmet Saygin VAROL\PycharmProjects\orders.db
2025-08-12 03:03:25,957 - INFO - DB init done.
2025-08-12 03:03:26,097 - INFO - Database path set to: C:\Users\Ahmet Saygin VAROL\PycharmProjects\orders.db
2025-08-12 03:03:26,239 - INFO - package: mysql.connector.plugins
2025-08-12 03:03:26,240 - INFO - plugin_name: mysql_native_password
2025-08-12 03:03:26,241 - INFO - AUTHENTICATION_PLUGIN_CLASS: MySQLNativePasswordAuthPlugin
2025-08-12 03:03:26,242 - INFO - package: mysql.connector.plugins
2025-08-12 03:03:26,242 - INFO - plugin_name: caching_sha2_password
2025-08-12 03:03:26,242 - INFO - AUTHENTICATION_PLUGIN_CLASS: MySQLCachingSHA2PasswordAuthPlugin
2025-08-12 03:03:33,754 - INFO - Manager 'AHMET' logged in.
2025-08-12 03:03:35,861 - INFO - No standing orders for ECLIPSE on 2025-08-11. Nothing to carry.
2025-08-12 03:03:36,865 - INFO - Loaded 9 allergies
2025-08-12 03:03:36,865 - INFO - Populated allergy combobox with 9 items
2025-08-12 03:09:41,119 - INFO - Database path set to: C:\Users\Ahmet Saygin VAROL\PycharmProjects\orders.db
2025-08-12 03:09:41,121 - INFO - DB init done.
2025-08-12 03:09:41,301 - INFO - Database path set to: C:\Users\Ahmet Saygin VAROL\PycharmProjects\orders.db
2025-08-12 03:09:41,473 - INFO - package: mysql.connector.plugins
2025-08-12 03:09:41,473 - INFO - plugin_name: mysql_native_password
2025-08-12 03:09:41,474 - INFO - AUTHENTICATION_PLUGIN_CLASS: MySQLNativePasswordAuthPlugin
2025-08-12 03:09:41,475 - INFO - package: mysql.connector.plugins
2025-08-12 03:09:41,475 - INFO - plugin_name: caching_sha2_password
2025-08-12 03:09:41,475 - INFO - AUTHENTICATION_PLUGIN_CLASS: MySQLCachingSHA2PasswordAuthPlugin
2025-08-12 03:09:47,297 - INFO - Manager 'AHMET' logged in.
2025-08-12 03:09:48,209 - INFO - No standing orders for ECLIPSE on 2025-08-11. Nothing to carry.
2025-08-12 03:09:49,167 - INFO - Loaded 9 allergies
2025-08-12 03:09:49,167 - INFO - Populated allergy combobox with 9 items
2025-08-12 03:12:20,082 - INFO - No standing orders for ECLIPSE on 2025-08-11. Nothing to carry.
2025-08-12 03:12:21,096 - INFO - Loaded 9 allergies
2025-08-12 03:12:21,096 - INFO - Populated allergy combobox with 9 items
2025-08-12 03:12:29,340 - INFO - No standing orders for SOLEIL on 2025-08-11. Nothing to carry.
2025-08-12 03:12:30,312 - INFO - Loaded 9 allergies
2025-08-12 03:12:30,312 - INFO - Populated allergy combobox with 9 items
2025-08-13 01:21:59,237 - INFO - Database path set to: C:\Users\Ahmet Saygin VAROL\PycharmProjects\orders.db
2025-08-13 01:21:59,247 - INFO - DB init done.
2025-08-13 01:21:59,468 - INFO - Database path set to: C:\Users\Ahmet Saygin VAROL\PycharmProjects\orders.db
2025-08-13 01:21:59,672 - INFO - package: mysql.connector.plugins
2025-08-13 01:21:59,672 - INFO - plugin_name: mysql_native_password
2025-08-13 01:21:59,675 - INFO - AUTHENTICATION_PLUGIN_CLASS: MySQLNativePasswordAuthPlugin
2025-08-13 01:21:59,676 - INFO - package: mysql.connector.plugins
2025-08-13 01:21:59,676 - INFO - plugin_name: caching_sha2_password
2025-08-13 01:21:59,676 - INFO - AUTHENTICATION_PLUGIN_CLASS: MySQLCachingSHA2PasswordAuthPlugin
2025-08-13 01:22:03,737 - INFO - Manager 'AHMET' logged in.
2025-08-13 01:22:04,916 - INFO - No standing orders for ECLIPSE on 2025-08-12. Nothing to carry.
2025-08-13 01:22:06,046 - INFO - Loaded 9 allergies
2025-08-13 01:22:06,047 - INFO - Populated allergy combobox with 9 items
2025-08-13 01:25:52,808 - INFO - Database path set to: C:\Users\Ahmet Saygin VAROL\PycharmProjects\orders.db
2025-08-13 01:25:52,809 - INFO - DB init done.
2025-08-13 01:25:52,968 - INFO - Database path set to: C:\Users\Ahmet Saygin VAROL\PycharmProjects\orders.db
2025-08-13 01:25:53,185 - INFO - package: mysql.connector.plugins
2025-08-13 01:25:53,185 - INFO - plugin_name: mysql_native_password
2025-08-13 01:25:53,186 - INFO - AUTHENTICATION_PLUGIN_CLASS: MySQLNativePasswordAuthPlugin
2025-08-13 01:25:53,186 - INFO - package: mysql.connector.plugins
2025-08-13 01:25:53,186 - INFO - plugin_name: caching_sha2_password
2025-08-13 01:25:53,186 - INFO - AUTHENTICATION_PLUGIN_CLASS: MySQLCachingSHA2PasswordAuthPlugin
2025-08-13 01:25:57,651 - INFO - Database path set to: C:\Users\Ahmet Saygin VAROL\PycharmProjects\orders.db
2025-08-13 01:25:57,653 - INFO - DB init done.
2025-08-13 01:25:57,787 - INFO - Database path set to: C:\Users\Ahmet Saygin VAROL\PycharmProjects\orders.db
2025-08-13 01:25:57,886 - INFO - package: mysql.connector.plugins
2025-08-13 01:25:57,886 - INFO - plugin_name: mysql_native_password
2025-08-13 01:25:57,887 - INFO - AUTHENTICATION_PLUGIN_CLASS: MySQLNativePasswordAuthPlugin
2025-08-13 01:25:57,888 - INFO - package: mysql.connector.plugins
2025-08-13 01:25:57,888 - INFO - plugin_name: caching_sha2_password
2025-08-13 01:25:57,888 - INFO - AUTHENTICATION_PLUGIN_CLASS: MySQLCachingSHA2PasswordAuthPlugin
2025-08-13 01:26:01,132 - INFO - Manager 'AHMET' logged in.
2025-08-13 01:26:02,243 - INFO - No standing orders for ECLIPSE on 2025-08-12. Nothing to carry.
2025-08-13 01:26:03,387 - INFO - Loaded 9 allergies
2025-08-13 01:26:03,387 - INFO - Populated allergy combobox with 9 items
2025-08-13 01:28:48,274 - INFO - Database path set to: C:\Users\Ahmet Saygin VAROL\PycharmProjects\orders.db
2025-08-13 01:28:48,276 - INFO - DB init done.
2025-08-13 01:28:48,473 - INFO - Database path set to: C:\Users\Ahmet Saygin VAROL\PycharmProjects\orders.db
2025-08-13 01:28:48,746 - INFO - package: mysql.connector.plugins
2025-08-13 01:28:48,746 - INFO - plugin_name: mysql_native_password
2025-08-13 01:28:48,747 - INFO - AUTHENTICATION_PLUGIN_CLASS: MySQLNativePasswordAuthPlugin
2025-08-13 01:28:48,748 - INFO - package: mysql.connector.plugins
2025-08-13 01:28:48,748 - INFO - plugin_name: caching_sha2_password
2025-08-13 01:28:48,748 - INFO - AUTHENTICATION_PLUGIN_CLASS: MySQLCachingSHA2PasswordAuthPlugin
2025-08-13 01:28:53,006 - INFO - Manager 'AHMET' logged in.
2025-08-13 01:28:55,673 - INFO - No standing orders for ECLIPSE on 2025-08-12. Nothing to carry.
2025-08-13 01:28:56,909 - INFO - Loaded 9 allergies
2025-08-13 01:28:56,909 - INFO - Populated allergy combobox with 9 items
2025-08-13 01:42:38,979 - INFO - Database path set to: C:\Users\Ahmet Saygin VAROL\PycharmProjects\orders.db
2025-08-13 01:42:38,989 - INFO - DB init done.
2025-08-13 01:42:39,217 - INFO - Database path set to: C:\Users\Ahmet Saygin VAROL\PycharmProjects\orders.db
2025-08-13 01:42:39,427 - INFO - package: mysql.connector.plugins
2025-08-13 01:42:39,428 - INFO - plugin_name: mysql_native_password
2025-08-13 01:42:39,429 - INFO - AUTHENTICATION_PLUGIN_CLASS: MySQLNativePasswordAuthPlugin
2025-08-13 01:42:39,430 - INFO - package: mysql.connector.plugins
2025-08-13 01:42:39,430 - INFO - plugin_name: caching_sha2_password
2025-08-13 01:42:39,431 - INFO - AUTHENTICATION_PLUGIN_CLASS: MySQLCachingSHA2PasswordAuthPlugin
2025-08-13 01:42:42,240 - INFO - Manager 'AHMET' logged in.
2025-08-13 01:42:43,251 - INFO - No standing orders for ECLIPSE on 2025-08-12. Nothing to carry.
2025-08-13 01:42:44,239 - INFO - Loaded 9 allergies
2025-08-13 01:42:44,240 - INFO - Populated allergy combobox with 9 items
2025-08-13 01:44:28,732 - INFO - Database path set to: C:\Users\Ahmet Saygin VAROL\PycharmProjects\orders.db
2025-08-13 01:44:28,734 - INFO - DB init done.
2025-08-13 01:44:28,878 - INFO - Database path set to: C:\Users\Ahmet Saygin VAROL\PycharmProjects\orders.db
2025-08-13 01:44:28,972 - INFO - package: mysql.connector.plugins
2025-08-13 01:44:28,972 - INFO - plugin_name: mysql_native_password
2025-08-13 01:44:28,973 - INFO - AUTHENTICATION_PLUGIN_CLASS: MySQLNativePasswordAuthPlugin
2025-08-13 01:44:28,973 - INFO - package: mysql.connector.plugins
2025-08-13 01:44:28,973 - INFO - plugin_name: caching_sha2_password
2025-08-13 01:44:28,973 - INFO - AUTHENTICATION_PLUGIN_CLASS: MySQLCachingSHA2PasswordAuthPlugin
2025-08-13 01:44:32,732 - INFO - Manager 'AHMET' logged in.
2025-08-13 01:44:33,710 - INFO - No standing orders for ECLIPSE on 2025-08-12. Nothing to carry.
2025-08-13 01:44:34,660 - INFO - Loaded 9 allergies
2025-08-13 01:44:34,660 - INFO - Populated allergy combobox with 9 items
2025-08-13 01:45:18,153 - INFO - Database path set to: C:\Users\Ahmet Saygin VAROL\PycharmProjects\orders.db
2025-08-13 01:45:18,155 - INFO - DB init done.
2025-08-13 01:45:18,303 - INFO - Database path set to: C:\Users\Ahmet Saygin VAROL\PycharmProjects\orders.db
2025-08-13 01:45:18,400 - INFO - package: mysql.connector.plugins
2025-08-13 01:45:18,400 - INFO - plugin_name: mysql_native_password
2025-08-13 01:45:18,402 - INFO - AUTHENTICATION_PLUGIN_CLASS: MySQLNativePasswordAuthPlugin
2025-08-13 01:45:18,402 - INFO - package: mysql.connector.plugins
2025-08-13 01:45:18,403 - INFO - plugin_name: caching_sha2_password
2025-08-13 01:45:18,403 - INFO - AUTHENTICATION_PLUGIN_CLASS: MySQLCachingSHA2PasswordAuthPlugin
2025-08-13 01:45:22,502 - INFO - Manager 'AHMET' logged in.
2025-08-13 01:45:23,460 - INFO - No standing orders for ECLIPSE on 2025-08-12. Nothing to carry.
2025-08-13 01:45:24,405 - INFO - Loaded 9 allergies
2025-08-13 01:45:24,406 - INFO - Populated allergy combobox with 9 items
2025-08-13 01:46:03,265 - INFO - Database path set to: C:\Users\Ahmet Saygin VAROL\PycharmProjects\orders.db
2025-08-13 01:46:03,267 - INFO - DB init done.
2025-08-13 01:46:03,381 - INFO - Database path set to: C:\Users\Ahmet Saygin VAROL\PycharmProjects\orders.db
2025-08-13 01:46:03,476 - INFO - package: mysql.connector.plugins
2025-08-13 01:46:03,477 - INFO - plugin_name: mysql_native_password
2025-08-13 01:46:03,477 - INFO - AUTHENTICATION_PLUGIN_CLASS: MySQLNativePasswordAuthPlugin
2025-08-13 01:46:03,478 - INFO - package: mysql.connector.plugins
2025-08-13 01:46:03,478 - INFO - plugin_name: caching_sha2_password
2025-08-13 01:46:03,478 - INFO - AUTHENTICATION_PLUGIN_CLASS: MySQLCachingSHA2PasswordAuthPlugin
2025-08-13 01:46:06,275 - INFO - Manager 'AHMET' logged in.
2025-08-13 01:46:07,449 - INFO - No standing orders for ECLIPSE on 2025-08-12. Nothing to carry.
2025-08-13 01:46:08,436 - INFO - Loaded 9 allergies
2025-08-13 01:46:08,436 - INFO - Populated allergy combobox with 9 items
2025-08-26 01:25:56,399 - INFO - Database path set to: C:\Users\Ahmet Saygin VAROL\PycharmProjects\orders.db
2025-08-26 01:25:56,410 - INFO - DB init done.
2025-08-26 01:25:56,555 - INFO - Database path set to: C:\Users\Ahmet Saygin VAROL\PycharmProjects\orders.db
2025-08-26 01:25:56,837 - INFO - package: mysql.connector.plugins
2025-08-26 01:25:56,838 - INFO - plugin_name: mysql_native_password
2025-08-26 01:25:56,840 - INFO - AUTHENTICATION_PLUGIN_CLASS: MySQLNativePasswordAuthPlugin
2025-08-26 01:25:56,842 - INFO - package: mysql.connector.plugins
2025-08-26 01:25:56,842 - INFO - plugin_name: caching_sha2_password
2025-08-26 01:25:56,842 - INFO - AUTHENTICATION_PLUGIN_CLASS: MySQLCachingSHA2PasswordAuthPlugin
2025-08-26 01:26:01,990 - INFO - Manager 'AHMET' logged in.
2025-08-26 01:26:03,877 - INFO - No standing orders for ECLIPSE on 2025-08-25. Nothing to carry.
2025-08-26 01:26:04,979 - INFO - Loaded 9 allergies
2025-08-26 01:26:04,979 - INFO - Populated allergy combobox with 9 items
2025-08-26 01:26:28,871 - INFO - Database path set to: C:\Users\Ahmet Saygin VAROL\PycharmProjects\orders.db
2025-08-26 01:26:28,873 - INFO - DB init done.
2025-08-26 01:26:29,033 - INFO - Database path set to: C:\Users\Ahmet Saygin VAROL\PycharmProjects\orders.db
2025-08-26 01:26:32,473 - INFO - Manager 'AHMET' logged in.
2025-08-26 01:26:33,438 - INFO - No standing orders for ECLIPSE on 2025-08-25. Nothing to carry.
2025-08-26 01:26:33,734 - INFO - Loaded 9 allergies
2025-08-26 01:26:33,734 - INFO - Populated allergy combobox with 9 items
2025-08-26 01:27:00,823 - INFO - Database path set to: C:\Users\Ahmet Saygin VAROL\PycharmProjects\orders.db
2025-08-26 01:27:00,824 - INFO - DB init done.
2025-08-26 01:27:00,995 - INFO - Database path set to: C:\Users\Ahmet Saygin VAROL\PycharmProjects\orders.db
2025-08-26 01:27:01,113 - INFO - package: mysql.connector.plugins
2025-08-26 01:27:01,113 - INFO - plugin_name: mysql_native_password
2025-08-26 01:27:01,114 - INFO - AUTHENTICATION_PLUGIN_CLASS: MySQLNativePasswordAuthPlugin
2025-08-26 01:27:01,114 - INFO - package: mysql.connector.plugins
2025-08-26 01:27:01,114 - INFO - plugin_name: caching_sha2_password
2025-08-26 01:27:01,114 - INFO - AUTHENTICATION_PLUGIN_CLASS: MySQLCachingSHA2PasswordAuthPlugin
2025-08-26 01:27:04,984 - INFO - Manager 'AHMET' logged in.
2025-08-26 01:27:06,148 - INFO - No standing orders for ECLIPSE on 2025-08-25. Nothing to carry.
2025-08-26 01:27:07,256 - INFO - Loaded 9 allergies
2025-08-26 01:27:07,256 - INFO - Populated allergy combobox with 9 items
2025-08-26 01:29:14,775 - INFO - No standing orders for ECLIPSE on 2025-08-25. Nothing to carry.
2025-08-26 01:29:15,833 - INFO - Loaded 9 allergies
2025-08-26 01:29:15,833 - INFO - Populated allergy combobox with 9 items
2025-08-26 01:31:47,963 - INFO - Preorder added for Guest 'DENISE GOLDFINCH' in Cabin '10234'.
2025-08-26 01:42:00,540 - INFO - Database path set to: C:\Users\Ahmet Saygin VAROL\PycharmProjects\orders.db
2025-08-26 01:42:00,541 - INFO - DB init done.
2025-08-26 01:42:00,753 - INFO - Database path set to: C:\Users\Ahmet Saygin VAROL\PycharmProjects\orders.db
2025-08-26 01:42:01,052 - INFO - package: mysql.connector.plugins
2025-08-26 01:42:01,052 - INFO - plugin_name: mysql_native_password
2025-08-26 01:42:01,053 - INFO - AUTHENTICATION_PLUGIN_CLASS: MySQLNativePasswordAuthPlugin
2025-08-26 01:42:01,053 - INFO - package: mysql.connector.plugins
2025-08-26 01:42:01,053 - INFO - plugin_name: caching_sha2_password
2025-08-26 01:42:01,053 - INFO - AUTHENTICATION_PLUGIN_CLASS: MySQLCachingSHA2PasswordAuthPlugin
2025-08-26 01:42:04,516 - WARNING - Failed login attempt for AHMET.
2025-08-26 01:42:06,011 - INFO - Manager 'AHMET' logged in.
2025-08-26 01:42:07,132 - INFO - No standing orders for ECLIPSE on 2025-08-25. Nothing to carry.
2025-08-26 01:42:08,305 - INFO - Loaded 9 allergies
2025-08-26 01:42:08,305 - INFO - Populated allergy combobox with 9 items
2025-08-26 01:46:30,043 - INFO - Database path set to: C:\Users\Ahmet Saygin VAROL\PycharmProjects\orders.db
2025-08-26 01:46:30,044 - INFO - DB init done.
2025-08-26 01:46:30,247 - INFO - Database path set to: C:\Users\Ahmet Saygin VAROL\PycharmProjects\orders.db
2025-08-26 01:46:30,468 - INFO - package: mysql.connector.plugins
2025-08-26 01:46:30,468 - INFO - plugin_name: mysql_native_password
2025-08-26 01:46:30,469 - INFO - AUTHENTICATION_PLUGIN_CLASS: MySQLNativePasswordAuthPlugin
2025-08-26 01:46:30,470 - INFO - package: mysql.connector.plugins
2025-08-26 01:46:30,470 - INFO - plugin_name: caching_sha2_password
2025-08-26 01:46:30,470 - INFO - AUTHENTICATION_PLUGIN_CLASS: MySQLCachingSHA2PasswordAuthPlugin
2025-08-26 01:46:34,142 - INFO - Manager 'AHMET' logged in.
2025-08-26 01:46:35,389 - INFO - No standing orders for ECLIPSE on 2025-08-25. Nothing to carry.
2025-08-26 01:46:36,791 - INFO - Loaded 9 allergies
2025-08-26 01:46:36,792 - INFO - Populated allergy combobox with 9 items
2025-08-26 02:18:15,729 - INFO - Database path set to: C:\Users\Ahmet Saygin VAROL\PycharmProjects\orders.db
2025-08-26 02:18:15,730 - INFO - DB init done.
2025-08-26 02:18:15,878 - INFO - Database path set to: C:\Users\Ahmet Saygin VAROL\PycharmProjects\orders.db
2025-08-26 02:18:15,974 - INFO - package: mysql.connector.plugins
2025-08-26 02:18:15,974 - INFO - plugin_name: mysql_native_password
2025-08-26 02:18:15,976 - INFO - AUTHENTICATION_PLUGIN_CLASS: MySQLNativePasswordAuthPlugin
2025-08-26 02:18:15,976 - INFO - package: mysql.connector.plugins
2025-08-26 02:18:15,976 - INFO - plugin_name: caching_sha2_password
2025-08-26 02:18:15,976 - INFO - AUTHENTICATION_PLUGIN_CLASS: MySQLCachingSHA2PasswordAuthPlugin
2025-08-29 03:03:32,095 - INFO - Database path set to: C:\Users\Ahmet Saygin VAROL\PycharmProjects\orders.db
2025-08-29 03:03:32,098 - INFO - DB init done.
2025-08-29 03:03:32,216 - INFO - Database path set to: C:\Users\Ahmet Saygin VAROL\PycharmProjects\orders.db
2025-08-29 03:03:32,398 - INFO - package: mysql.connector.plugins
2025-08-29 03:03:32,398 - INFO - plugin_name: mysql_native_password
2025-08-29 03:03:32,400 - INFO - AUTHENTICATION_PLUGIN_CLASS: MySQLNativePasswordAuthPlugin
2025-08-29 03:03:32,401 - INFO - package: mysql.connector.plugins
2025-08-29 03:03:32,401 - INFO - plugin_name: caching_sha2_password
2025-08-29 03:03:32,401 - INFO - AUTHENTICATION_PLUGIN_CLASS: MySQLCachingSHA2PasswordAuthPlugin
2025-08-29 03:03:32,834 - WARNING - No current_voyage_id found in app_config. Ask Admin to set Voyage.
2025-08-29 03:03:37,002 - INFO - Manager 'AHMET' logged in.
2025-08-29 03:03:38,535 - INFO - No standing orders for ECLIPSE on 2025-08-28. Nothing to carry.
2025-08-29 03:03:39,315 - ERROR - Error fetching preorders: int() argument must be a string, a bytes-like object or a real number, not 'NoneType'
2025-08-29 03:03:39,370 - ERROR - Error fetching preorders: int() argument must be a string, a bytes-like object or a real number, not 'NoneType'
2025-08-29 03:03:39,479 - INFO - Loaded 9 allergies
2025-08-29 03:03:39,479 - INFO - Populated allergy combobox with 9 items
2025-08-29 03:03:53,095 - ERROR - Error fetching guest orders: int() argument must be a string, a bytes-like object or a real number, not 'NoneType'
2025-08-29 03:04:00,448 - ERROR - Error inserting preorder: No current_voyage_id in DatabaseManager; Admin must set voyage.
2025-08-29 03:04:03,544 - ERROR - Error fetching preorders: int() argument must be a string, a bytes-like object or a real number, not 'NoneType'
2025-08-29 03:04:03,600 - ERROR - Error fetching preorders: int() argument must be a string, a bytes-like object or a real number, not 'NoneType'
2025-08-29 03:04:39,330 - ERROR - Error fetching preorders: int() argument must be a string, a bytes-like object or a real number, not 'NoneType'
2025-08-29 03:04:39,386 - ERROR - Error fetching preorders: int() argument must be a string, a bytes-like object or a real number, not 'NoneType'
2025-08-29 03:04:41,406 - INFO - No standing orders for ECLIPSE on 2025-08-28. Nothing to carry.
2025-08-29 03:04:42,197 - ERROR - Error fetching preorders: int() argument must be a string, a bytes-like object or a real number, not 'NoneType'
2025-08-29 03:04:42,253 - ERROR - Error fetching preorders: int() argument must be a string, a bytes-like object or a real number, not 'NoneType'
2025-08-29 03:04:42,369 - INFO - Loaded 9 allergies
2025-08-29 03:04:42,369 - INFO - Populated allergy combobox with 9 items
2025-08-29 03:04:56,385 - INFO - Database path set to: C:\Users\Ahmet Saygin VAROL\PycharmProjects\orders.db
2025-08-29 03:04:56,386 - INFO - DB init done.
2025-08-29 03:04:56,538 - INFO - Database path set to: C:\Users\Ahmet Saygin VAROL\PycharmProjects\orders.db
2025-08-29 03:04:56,653 - INFO - package: mysql.connector.plugins
2025-08-29 03:04:56,653 - INFO - plugin_name: mysql_native_password
2025-08-29 03:04:56,654 - INFO - AUTHENTICATION_PLUGIN_CLASS: MySQLNativePasswordAuthPlugin
2025-08-29 03:04:56,655 - INFO - package: mysql.connector.plugins
2025-08-29 03:04:56,655 - INFO - plugin_name: caching_sha2_password
2025-08-29 03:04:56,655 - INFO - AUTHENTICATION_PLUGIN_CLASS: MySQLCachingSHA2PasswordAuthPlugin
2025-08-29 03:04:57,066 - WARNING - No current_voyage_id found in app_config. Ask Admin to set Voyage.
2025-08-29 03:05:00,994 - INFO - Manager 'AHMET' logged in.
2025-08-29 03:05:02,299 - INFO - No standing orders for ECLIPSE on 2025-08-28. Nothing to carry.
2025-08-29 03:05:03,062 - ERROR - Error fetching preorders: int() argument must be a string, a bytes-like object or a real number, not 'NoneType'
2025-08-29 03:05:03,118 - ERROR - Error fetching preorders: int() argument must be a string, a bytes-like object or a real number, not 'NoneType'
2025-08-29 03:05:03,231 - INFO - Loaded 9 allergies
2025-08-29 03:05:03,231 - INFO - Populated allergy combobox with 9 items
2025-08-29 03:05:07,364 - ERROR - Error fetching guest orders: int() argument must be a string, a bytes-like object or a real number, not 'NoneType'
2025-08-29 03:05:16,466 - ERROR - Error fetching guest orders: int() argument must be a string, a bytes-like object or a real number, not 'NoneType'
2025-08-29 03:05:21,586 - ERROR - Error fetching guest orders: int() argument must be a string, a bytes-like object or a real number, not 'NoneType'
2025-08-29 03:05:25,262 - ERROR - Error inserting preorder: No current_voyage_id in DatabaseManager; Admin must set voyage.
2025-08-29 03:05:26,913 - ERROR - Error fetching preorders: int() argument must be a string, a bytes-like object or a real number, not 'NoneType'
2025-08-29 03:05:26,968 - ERROR - Error fetching preorders: int() argument must be a string, a bytes-like object or a real number, not 'NoneType'
2025-08-29 03:06:02,803 - ERROR - Error fetching preorders: int() argument must be a string, a bytes-like object or a real number, not 'NoneType'
2025-08-29 03:06:02,858 - ERROR - Error fetching preorders: int() argument must be a string, a bytes-like object or a real number, not 'NoneType'
2025-08-29 03:06:29,031 - INFO - Database path set to: C:\Users\Ahmet Saygin VAROL\PycharmProjects\orders.db
2025-08-29 03:06:29,033 - INFO - DB init done.
2025-08-29 03:06:29,245 - INFO - Database path set to: C:\Users\Ahmet Saygin VAROL\PycharmProjects\orders.db
2025-08-29 03:06:29,348 - INFO - package: mysql.connector.plugins
2025-08-29 03:06:29,348 - INFO - plugin_name: mysql_native_password
2025-08-29 03:06:29,350 - INFO - AUTHENTICATION_PLUGIN_CLASS: MySQLNativePasswordAuthPlugin
2025-08-29 03:06:29,350 - INFO - package: mysql.connector.plugins
2025-08-29 03:06:29,350 - INFO - plugin_name: caching_sha2_password
2025-08-29 03:06:29,350 - INFO - AUTHENTICATION_PLUGIN_CLASS: MySQLCachingSHA2PasswordAuthPlugin
2025-08-29 03:06:29,760 - WARNING - No current_voyage_id found in app_config. Ask Admin to set Voyage.
2025-08-29 03:06:33,261 - INFO - Manager 'AHMET' logged in.
2025-08-29 03:06:34,779 - INFO - No standing orders for ECLIPSE on 2025-08-28. Nothing to carry.
2025-08-29 03:06:35,708 - INFO - Loaded 9 allergies
2025-08-29 03:06:35,708 - INFO - Populated allergy combobox with 9 items
2025-08-29 03:06:46,170 - INFO - Preorder added for Guest 'ESTHER MERCADO' in Cabin '10201'.
2025-08-29 03:07:27,293 - INFO - Database path set to: C:\Users\Ahmet Saygin VAROL\PycharmProjects\orders.db
2025-08-29 03:07:27,295 - INFO - DB init done.
2025-08-29 03:07:27,443 - INFO - Database path set to: C:\Users\Ahmet Saygin VAROL\PycharmProjects\orders.db
2025-08-29 03:07:27,539 - INFO - package: mysql.connector.plugins
2025-08-29 03:07:27,539 - INFO - plugin_name: mysql_native_password
2025-08-29 03:07:27,539 - INFO - AUTHENTICATION_PLUGIN_CLASS: MySQLNativePasswordAuthPlugin
2025-08-29 03:07:27,540 - INFO - package: mysql.connector.plugins
2025-08-29 03:07:27,540 - INFO - plugin_name: caching_sha2_password
2025-08-29 03:07:27,540 - INFO - AUTHENTICATION_PLUGIN_CLASS: MySQLCachingSHA2PasswordAuthPlugin
2025-08-29 03:07:28,030 - WARNING - No current_voyage_id found in app_config. Ask Admin to set Voyage.
2025-08-29 03:07:31,514 - INFO - Manager 'AHMET' logged in.
2025-08-29 03:07:32,440 - INFO - No standing orders for ECLIPSE on 2025-08-28. Nothing to carry.
2025-08-29 03:07:33,391 - ERROR - Error fetching preorders: int() argument must be a string, a bytes-like object or a real number, not 'NoneType'
2025-08-29 03:07:33,461 - ERROR - Error fetching preorders: int() argument must be a string, a bytes-like object or a real number, not 'NoneType'
2025-08-29 03:07:33,607 - INFO - Loaded 9 allergies
2025-08-29 03:07:33,607 - INFO - Populated allergy combobox with 9 items
2025-08-29 03:07:37,319 - ERROR - Error fetching guest orders: int() argument must be a string, a bytes-like object or a real number, not 'NoneType'
2025-08-29 03:07:41,602 - ERROR - Error fetching guest orders: int() argument must be a string, a bytes-like object or a real number, not 'NoneType'
2025-08-29 03:26:47,286 - INFO - Database path set to: C:\Users\Ahmet Saygin VAROL\PycharmProjects\orders.db
2025-08-29 03:26:47,287 - INFO - DB init done.
2025-08-29 03:26:47,432 - INFO - Database path set to: C:\Users\Ahmet Saygin VAROL\PycharmProjects\orders.db
2025-08-29 03:26:47,577 - INFO - package: mysql.connector.plugins
2025-08-29 03:26:47,577 - INFO - plugin_name: mysql_native_password
2025-08-29 03:26:47,578 - INFO - AUTHENTICATION_PLUGIN_CLASS: MySQLNativePasswordAuthPlugin
2025-08-29 03:26:47,579 - INFO - package: mysql.connector.plugins
2025-08-29 03:26:47,579 - INFO - plugin_name: caching_sha2_password
2025-08-29 03:26:47,579 - INFO - AUTHENTICATION_PLUGIN_CLASS: MySQLCachingSHA2PasswordAuthPlugin
2025-08-29 03:26:51,361 - INFO - Manager 'AHMET' logged in.
2025-08-29 03:26:52,631 - INFO - No standing orders for ECLIPSE on 2025-08-28. Nothing to carry.
2025-08-29 03:26:53,406 - ERROR - Error fetching preorders: name 'param_or_date' is not defined
2025-08-29 03:26:53,462 - ERROR - Error fetching preorders: name 'param_or_date' is not defined
2025-08-29 03:26:53,575 - INFO - Loaded 9 allergies
2025-08-29 03:26:53,576 - INFO - Populated allergy combobox with 9 items
2025-08-29 03:26:57,396 - ERROR - Error fetching guest orders: name 'param_or_date' is not defined
2025-08-29 03:27:02,624 - ERROR - Error fetching guest orders: name 'param_or_date' is not defined
2025-08-29 03:27:53,180 - ERROR - Error fetching preorders: name 'param_or_date' is not defined
2025-08-29 03:27:53,246 - ERROR - Error fetching preorders: name 'param_or_date' is not defined
2025-08-29 03:28:30,311 - ERROR - Error populating allergies: invalid literal for int() with base 10: 'SU532'
2025-08-29 03:28:41,286 - ERROR - Error inserting preorder: invalid literal for int() with base 10: 'SU532'
2025-08-29 03:28:42,670 - ERROR - Error fetching preorders: name 'param_or_date' is not defined
2025-08-29 03:28:42,733 - ERROR - Error fetching preorders: name 'param_or_date' is not defined
2025-08-29 03:39:36,312 - INFO - Database path set to: C:\Users\Ahmet Saygin VAROL\PycharmProjects\orders.db
2025-08-29 03:39:36,314 - INFO - DB init done.
2025-08-29 03:39:36,449 - INFO - Database path set to: C:\Users\Ahmet Saygin VAROL\PycharmProjects\orders.db
2025-08-29 03:39:36,598 - INFO - package: mysql.connector.plugins
2025-08-29 03:39:36,599 - INFO - plugin_name: mysql_native_password
2025-08-29 03:39:36,599 - INFO - AUTHENTICATION_PLUGIN_CLASS: MySQLNativePasswordAuthPlugin
2025-08-29 03:39:36,600 - INFO - package: mysql.connector.plugins
2025-08-29 03:39:36,600 - INFO - plugin_name: caching_sha2_password
2025-08-29 03:39:36,600 - INFO - AUTHENTICATION_PLUGIN_CLASS: MySQLCachingSHA2PasswordAuthPlugin
2025-08-29 03:39:40,593 - INFO - Manager 'AHMET' logged in.
2025-08-29 03:39:42,254 - INFO - No standing orders for ECLIPSE on 2025-08-28. Nothing to carry.
2025-08-29 03:39:43,187 - INFO - Loaded 9 allergies
2025-08-29 03:39:43,188 - INFO - Populated allergy combobox with 9 items
2025-08-29 03:39:53,848 - ERROR - Error populating allergies: invalid literal for int() with base 10: 'SU532'
2025-08-29 03:54:47,389 - INFO - Database path set to: C:\Users\Ahmet Saygin VAROL\PycharmProjects\orders.db
2025-08-29 03:54:47,390 - INFO - DB init done.
2025-08-29 03:54:47,538 - INFO - Database path set to: C:\Users\Ahmet Saygin VAROL\PycharmProjects\orders.db
2025-08-29 03:54:47,679 - INFO - package: mysql.connector.plugins
2025-08-29 03:54:47,679 - INFO - plugin_name: mysql_native_password
2025-08-29 03:54:47,680 - INFO - AUTHENTICATION_PLUGIN_CLASS: MySQLNativePasswordAuthPlugin
2025-08-29 03:54:47,680 - INFO - package: mysql.connector.plugins
2025-08-29 03:54:47,681 - INFO - plugin_name: caching_sha2_password
2025-08-29 03:54:47,681 - INFO - AUTHENTICATION_PLUGIN_CLASS: MySQLCachingSHA2PasswordAuthPlugin
2025-08-29 03:54:51,382 - INFO - Manager 'AHMET' logged in.
2025-08-29 03:54:52,351 - INFO - No standing orders for ECLIPSE on 2025-08-28. Nothing to carry.
2025-08-29 03:54:53,280 - INFO - Loaded 9 allergies
2025-08-29 03:54:53,281 - INFO - Populated allergy combobox with 9 items
2025-08-29 03:59:45,913 - INFO - Database path set to: C:\Users\Ahmet Saygin VAROL\PycharmProjects\orders.db
2025-08-29 03:59:45,914 - INFO - DB init done.
2025-08-29 03:59:46,047 - INFO - Database path set to: C:\Users\Ahmet Saygin VAROL\PycharmProjects\orders.db
2025-08-29 03:59:46,180 - INFO - package: mysql.connector.plugins
2025-08-29 03:59:46,180 - INFO - plugin_name: mysql_native_password
2025-08-29 03:59:46,180 - INFO - AUTHENTICATION_PLUGIN_CLASS: MySQLNativePasswordAuthPlugin
2025-08-29 03:59:46,181 - INFO - package: mysql.connector.plugins
2025-08-29 03:59:46,181 - INFO - plugin_name: caching_sha2_password
2025-08-29 03:59:46,181 - INFO - AUTHENTICATION_PLUGIN_CLASS: MySQLCachingSHA2PasswordAuthPlugin
2025-08-29 03:59:50,790 - INFO - Manager 'AHMET' logged in.
2025-08-29 03:59:51,726 - INFO - No standing orders for ECLIPSE on 2025-08-28. Nothing to carry.
2025-08-29 03:59:52,671 - INFO - Loaded 9 allergies
2025-08-29 03:59:52,672 - INFO - Populated allergy combobox with 9 items
2025-08-29 04:04:11,649 - INFO - Database path set to: C:\Users\Ahmet Saygin VAROL\PycharmProjects\orders.db
2025-08-29 04:04:11,650 - INFO - DB init done.
2025-08-29 04:04:11,790 - INFO - Database path set to: C:\Users\Ahmet Saygin VAROL\PycharmProjects\orders.db
2025-08-29 04:04:11,923 - INFO - package: mysql.connector.plugins
2025-08-29 04:04:11,923 - INFO - plugin_name: mysql_native_password
2025-08-29 04:04:11,924 - INFO - AUTHENTICATION_PLUGIN_CLASS: MySQLNativePasswordAuthPlugin
2025-08-29 04:04:11,924 - INFO - package: mysql.connector.plugins
2025-08-29 04:04:11,924 - INFO - plugin_name: caching_sha2_password
2025-08-29 04:04:11,924 - INFO - AUTHENTICATION_PLUGIN_CLASS: MySQLCachingSHA2PasswordAuthPlugin
2025-08-29 04:04:14,976 - INFO - Manager 'AHMET' logged in.
2025-08-29 04:04:15,870 - INFO - No standing orders for ECLIPSE on 2025-08-29. Nothing to carry.
2025-08-29 04:04:16,816 - INFO - Loaded 9 allergies
2025-08-29 04:04:16,816 - INFO - Populated allergy combobox with 9 items
2025-08-29 04:20:39,075 - INFO - Database path set to: C:\Users\Ahmet Saygin VAROL\PycharmProjects\orders.db
2025-08-29 04:20:39,076 - INFO - DB init done.
2025-08-29 04:20:39,237 - INFO - Database path set to: C:\Users\Ahmet Saygin VAROL\PycharmProjects\orders.db
2025-08-29 04:20:39,378 - INFO - package: mysql.connector.plugins
2025-08-29 04:20:39,378 - INFO - plugin_name: mysql_native_password
2025-08-29 04:20:39,379 - INFO - AUTHENTICATION_PLUGIN_CLASS: MySQLNativePasswordAuthPlugin
2025-08-29 04:20:39,379 - INFO - package: mysql.connector.plugins
2025-08-29 04:20:39,380 - INFO - plugin_name: caching_sha2_password
2025-08-29 04:20:39,380 - INFO - AUTHENTICATION_PLUGIN_CLASS: MySQLCachingSHA2PasswordAuthPlugin
2025-08-29 04:20:42,983 - INFO - Manager 'AHMET' logged in.
2025-08-29 04:20:43,931 - INFO - No standing orders for ECLIPSE on 2025-08-29. Nothing to carry.
2025-08-29 04:20:44,903 - INFO - Loaded 9 allergies
2025-08-29 04:20:44,903 - INFO - Populated allergy combobox with 9 items
2025-08-29 04:24:15,578 - INFO - Database path set to: C:\Users\Ahmet Saygin VAROL\PycharmProjects\orders.db
2025-08-29 04:24:15,579 - INFO - DB init done.
2025-08-29 04:24:15,711 - INFO - Database path set to: C:\Users\Ahmet Saygin VAROL\PycharmProjects\orders.db
2025-08-29 04:24:15,815 - INFO - package: mysql.connector.plugins
2025-08-29 04:24:15,815 - INFO - plugin_name: mysql_native_password
2025-08-29 04:24:15,816 - INFO - AUTHENTICATION_PLUGIN_CLASS: MySQLNativePasswordAuthPlugin
2025-08-29 04:24:15,816 - INFO - package: mysql.connector.plugins
2025-08-29 04:24:15,816 - INFO - plugin_name: caching_sha2_password
2025-08-29 04:24:15,816 - INFO - AUTHENTICATION_PLUGIN_CLASS: MySQLCachingSHA2PasswordAuthPlugin
2025-08-29 04:24:16,175 - WARNING - No current_voyage_id found in app_config. Ask Admin to set Voyage.
2025-08-29 04:24:20,027 - INFO - Manager 'AHMET' logged in.
2025-08-29 04:24:20,827 - INFO - No standing orders for ECLIPSE on 2025-08-29. Nothing to carry.
2025-08-29 04:24:21,819 - INFO - Loaded 9 allergies
2025-08-29 04:24:21,820 - INFO - Populated allergy combobox with 9 items
2025-08-29 04:25:26,386 - INFO - Database path set to: C:\Users\Ahmet Saygin VAROL\PycharmProjects\orders.db
2025-08-29 04:25:26,387 - INFO - DB init done.
2025-08-29 04:25:26,522 - INFO - Database path set to: C:\Users\Ahmet Saygin VAROL\PycharmProjects\orders.db
2025-08-29 04:25:26,638 - INFO - package: mysql.connector.plugins
2025-08-29 04:25:26,638 - INFO - plugin_name: mysql_native_password
2025-08-29 04:25:26,639 - INFO - AUTHENTICATION_PLUGIN_CLASS: MySQLNativePasswordAuthPlugin
2025-08-29 04:25:26,639 - INFO - package: mysql.connector.plugins
2025-08-29 04:25:26,640 - INFO - plugin_name: caching_sha2_password
2025-08-29 04:25:26,640 - INFO - AUTHENTICATION_PLUGIN_CLASS: MySQLCachingSHA2PasswordAuthPlugin
2025-08-29 04:29:57,563 - INFO - Database path set to: C:\Users\Ahmet Saygin VAROL\PycharmProjects\orders.db
2025-08-29 04:29:57,565 - INFO - DB init done.
2025-08-29 04:29:57,702 - INFO - Database path set to: C:\Users\Ahmet Saygin VAROL\PycharmProjects\orders.db
2025-08-29 04:29:57,809 - INFO - package: mysql.connector.plugins
2025-08-29 04:29:57,809 - INFO - plugin_name: mysql_native_password
2025-08-29 04:29:57,810 - INFO - AUTHENTICATION_PLUGIN_CLASS: MySQLNativePasswordAuthPlugin
2025-08-29 04:29:57,810 - INFO - package: mysql.connector.plugins
2025-08-29 04:29:57,810 - INFO - plugin_name: caching_sha2_password
2025-08-29 04:29:57,810 - INFO - AUTHENTICATION_PLUGIN_CLASS: MySQLCachingSHA2PasswordAuthPlugin
2025-08-29 04:30:01,533 - INFO - Manager 'AHMET' logged in.
2025-08-29 04:30:02,581 - INFO - No standing orders for ECLIPSE on 2025-08-29. Nothing to carry.
2025-08-29 04:30:03,632 - INFO - Loaded 9 allergies
2025-08-29 04:30:03,632 - INFO - Populated allergy combobox with 9 items
2025-08-29 04:30:13,517 - ERROR - Error fetching guest orders: name 'service_date' is not defined
2025-08-29 04:36:48,054 - INFO - Database path set to: C:\Users\Ahmet Saygin VAROL\PycharmProjects\orders.db
2025-08-29 04:36:48,055 - INFO - DB init done.
2025-08-29 04:36:48,190 - INFO - Database path set to: C:\Users\Ahmet Saygin VAROL\PycharmProjects\orders.db
2025-08-29 04:36:48,325 - INFO - package: mysql.connector.plugins
2025-08-29 04:36:48,325 - INFO - plugin_name: mysql_native_password
2025-08-29 04:36:48,326 - INFO - AUTHENTICATION_PLUGIN_CLASS: MySQLNativePasswordAuthPlugin
2025-08-29 04:36:48,326 - INFO - package: mysql.connector.plugins
2025-08-29 04:36:48,326 - INFO - plugin_name: caching_sha2_password
2025-08-29 04:36:48,326 - INFO - AUTHENTICATION_PLUGIN_CLASS: MySQLCachingSHA2PasswordAuthPlugin
2025-08-29 04:36:52,349 - INFO - Manager 'AHMET' logged in.
2025-08-29 04:36:53,231 - INFO - No standing orders for ECLIPSE on 2025-08-29. Nothing to carry.
2025-08-29 04:36:54,186 - INFO - Loaded 9 allergies
2025-08-29 04:36:54,186 - INFO - Populated allergy combobox with 9 items
2025-08-29 04:46:42,772 - INFO - Database path set to: C:\Users\Ahmet Saygin VAROL\PycharmProjects\orders.db
2025-08-29 04:46:42,773 - INFO - DB init done.
2025-08-29 04:46:42,922 - INFO - Database path set to: C:\Users\Ahmet Saygin VAROL\PycharmProjects\orders.db
2025-08-29 04:46:43,061 - INFO - package: mysql.connector.plugins
2025-08-29 04:46:43,061 - INFO - plugin_name: mysql_native_password
2025-08-29 04:46:43,062 - INFO - AUTHENTICATION_PLUGIN_CLASS: MySQLNativePasswordAuthPlugin
2025-08-29 04:46:43,062 - INFO - package: mysql.connector.plugins
2025-08-29 04:46:43,062 - INFO - plugin_name: caching_sha2_password
2025-08-29 04:46:43,062 - INFO - AUTHENTICATION_PLUGIN_CLASS: MySQLCachingSHA2PasswordAuthPlugin
2025-08-29 04:46:46,215 - INFO - Manager 'AHMET' logged in.
2025-08-29 04:46:47,339 - INFO - No standing orders for ECLIPSE on 2025-08-29. Nothing to carry.
2025-08-29 04:46:48,277 - INFO - Loaded 9 allergies
2025-08-29 04:46:48,278 - INFO - Populated allergy combobox with 9 items
2025-08-29 04:50:02,105 - INFO - Database path set to: C:\Users\Ahmet Saygin VAROL\PycharmProjects\orders.db
2025-08-29 04:50:02,106 - INFO - DB init done.
2025-08-29 04:50:02,248 - INFO - Database path set to: C:\Users\Ahmet Saygin VAROL\PycharmProjects\orders.db
2025-08-29 04:50:02,388 - INFO - package: mysql.connector.plugins
2025-08-29 04:50:02,388 - INFO - plugin_name: mysql_native_password
2025-08-29 04:50:02,389 - INFO - AUTHENTICATION_PLUGIN_CLASS: MySQLNativePasswordAuthPlugin
2025-08-29 04:50:02,389 - INFO - package: mysql.connector.plugins
2025-08-29 04:50:02,389 - INFO - plugin_name: caching_sha2_password
2025-08-29 04:50:02,389 - INFO - AUTHENTICATION_PLUGIN_CLASS: MySQLCachingSHA2PasswordAuthPlugin
2025-08-29 04:50:05,502 - INFO - Manager 'AHMET' logged in.
2025-08-29 04:50:06,295 - INFO - No standing orders for ECLIPSE on 2025-08-29. Nothing to carry.
2025-08-29 04:50:07,294 - INFO - Loaded 9 allergies
2025-08-29 04:50:07,294 - INFO - Populated allergy combobox with 9 items
2025-08-29 04:50:46,841 - INFO - Database path set to: C:\Users\Ahmet Saygin VAROL\PycharmProjects\orders.db
2025-08-29 04:50:46,842 - INFO - DB init done.
2025-08-29 04:50:46,986 - INFO - Database path set to: C:\Users\Ahmet Saygin VAROL\PycharmProjects\orders.db
2025-08-29 04:50:47,071 - INFO - package: mysql.connector.plugins
2025-08-29 04:50:47,071 - INFO - plugin_name: mysql_native_password
2025-08-29 04:50:47,072 - INFO - AUTHENTICATION_PLUGIN_CLASS: MySQLNativePasswordAuthPlugin
2025-08-29 04:50:47,072 - INFO - package: mysql.connector.plugins
2025-08-29 04:50:47,072 - INFO - plugin_name: caching_sha2_password
2025-08-29 04:50:47,073 - INFO - AUTHENTICATION_PLUGIN_CLASS: MySQLCachingSHA2PasswordAuthPlugin
2025-08-29 04:50:52,026 - INFO - Manager 'AHMET' logged in.
2025-08-29 04:50:53,135 - INFO - No standing orders for ECLIPSE on 2025-08-29. Nothing to carry.
2025-08-29 04:50:54,196 - INFO - Loaded 9 allergies
2025-08-29 04:50:54,197 - INFO - Populated allergy combobox with 9 items
2025-08-29 04:52:21,993 - INFO - Database path set to: C:\Users\Ahmet Saygin VAROL\PycharmProjects\orders.db
2025-08-29 04:52:21,994 - INFO - DB init done.
2025-08-29 04:52:22,135 - INFO - Database path set to: C:\Users\Ahmet Saygin VAROL\PycharmProjects\orders.db
2025-08-29 04:52:22,270 - INFO - package: mysql.connector.plugins
2025-08-29 04:52:22,270 - INFO - plugin_name: mysql_native_password
2025-08-29 04:52:22,271 - INFO - AUTHENTICATION_PLUGIN_CLASS: MySQLNativePasswordAuthPlugin
2025-08-29 04:52:22,271 - INFO - package: mysql.connector.plugins
2025-08-29 04:52:22,271 - INFO - plugin_name: caching_sha2_password
2025-08-29 04:52:22,271 - INFO - AUTHENTICATION_PLUGIN_CLASS: MySQLCachingSHA2PasswordAuthPlugin
2025-08-29 04:52:25,412 - INFO - Manager 'AHMET' logged in.
2025-08-29 04:52:26,475 - INFO - No standing orders for ECLIPSE on 2025-08-29. Nothing to carry.
2025-08-29 04:52:27,492 - INFO - Loaded 9 allergies
2025-08-29 04:52:27,492 - INFO - Populated allergy combobox with 9 items
2025-08-29 04:52:31,776 - ERROR - Error fetching guest orders: name 'service_date' is not defined
2025-08-29 05:00:10,500 - ERROR - Error populating allergies: invalid literal for int() with base 10: 'SU532'
2025-08-29 05:00:41,374 - ERROR - Error fetching guest orders: name 'service_date' is not defined
2025-08-29 05:03:52,687 - INFO - Database path set to: C:\Users\Ahmet Saygin VAROL\PycharmProjects\orders.db
2025-08-29 05:03:52,688 - INFO - DB init done.
2025-08-29 05:03:52,849 - INFO - Database path set to: C:\Users\Ahmet Saygin VAROL\PycharmProjects\orders.db
2025-08-29 05:03:52,994 - INFO - package: mysql.connector.plugins
2025-08-29 05:03:52,994 - INFO - plugin_name: mysql_native_password
2025-08-29 05:03:52,995 - INFO - AUTHENTICATION_PLUGIN_CLASS: MySQLNativePasswordAuthPlugin
2025-08-29 05:03:52,996 - INFO - package: mysql.connector.plugins
2025-08-29 05:03:52,996 - INFO - plugin_name: caching_sha2_password
2025-08-29 05:03:52,996 - INFO - AUTHENTICATION_PLUGIN_CLASS: MySQLCachingSHA2PasswordAuthPlugin
2025-08-29 05:03:57,056 - INFO - Manager 'AHMET' logged in.
2025-08-29 05:03:57,967 - INFO - No standing orders for ECLIPSE on 2025-08-29. Nothing to carry.
2025-08-29 05:03:58,911 - INFO - Loaded 9 allergies
2025-08-29 05:03:58,911 - INFO - Populated allergy combobox with 9 items
2025-08-29 05:10:21,068 - INFO - Database path set to: C:\Users\Ahmet Saygin VAROL\PycharmProjects\orders.db
2025-08-29 05:10:21,069 - INFO - DB init done.
2025-08-29 05:10:21,227 - INFO - Database path set to: C:\Users\Ahmet Saygin VAROL\PycharmProjects\orders.db
2025-08-29 05:10:21,404 - INFO - package: mysql.connector.plugins
2025-08-29 05:10:21,404 - INFO - plugin_name: mysql_native_password
2025-08-29 05:10:21,405 - INFO - AUTHENTICATION_PLUGIN_CLASS: MySQLNativePasswordAuthPlugin
2025-08-29 05:10:21,406 - INFO - package: mysql.connector.plugins
2025-08-29 05:10:21,406 - INFO - plugin_name: caching_sha2_password
2025-08-29 05:10:21,406 - INFO - AUTHENTICATION_PLUGIN_CLASS: MySQLCachingSHA2PasswordAuthPlugin
2025-08-29 05:10:25,014 - INFO - Manager 'AHMET' logged in.
2025-08-29 05:10:25,896 - INFO - No standing orders for ECLIPSE on 2025-08-29. Nothing to carry.
2025-08-29 05:10:26,857 - INFO - Loaded 9 allergies
2025-08-29 05:10:26,857 - INFO - Populated allergy combobox with 9 items
2025-08-29 05:17:31,314 - INFO - Database path set to: C:\Users\Ahmet Saygin VAROL\PycharmProjects\orders.db
2025-08-29 05:17:31,315 - INFO - DB init done.
2025-08-29 05:17:31,453 - INFO - Database path set to: C:\Users\Ahmet Saygin VAROL\PycharmProjects\orders.db
2025-08-29 05:17:31,553 - INFO - package: mysql.connector.plugins
2025-08-29 05:17:31,553 - INFO - plugin_name: mysql_native_password
2025-08-29 05:17:31,555 - INFO - AUTHENTICATION_PLUGIN_CLASS: MySQLNativePasswordAuthPlugin
2025-08-29 05:17:31,555 - INFO - package: mysql.connector.plugins
2025-08-29 05:17:31,555 - INFO - plugin_name: caching_sha2_password
2025-08-29 05:17:31,555 - INFO - AUTHENTICATION_PLUGIN_CLASS: MySQLCachingSHA2PasswordAuthPlugin
2025-08-29 05:17:35,781 - INFO - Manager 'AHMET' logged in.
2025-08-29 05:17:36,551 - INFO - No standing orders for ECLIPSE on 2025-08-29. Nothing to carry.
2025-08-29 05:17:37,610 - INFO - Loaded 9 allergies
2025-08-29 05:17:37,611 - INFO - Populated allergy combobox with 9 items
2025-08-29 05:22:03,615 - INFO - Database path set to: C:\Users\Ahmet Saygin VAROL\PycharmProjects\orders.db
2025-08-29 05:22:03,617 - INFO - DB init done.
2025-08-29 05:22:03,734 - INFO - Database path set to: C:\Users\Ahmet Saygin VAROL\PycharmProjects\orders.db
2025-08-29 05:22:03,870 - INFO - package: mysql.connector.plugins
2025-08-29 05:22:03,871 - INFO - plugin_name: mysql_native_password
2025-08-29 05:22:03,871 - INFO - AUTHENTICATION_PLUGIN_CLASS: MySQLNativePasswordAuthPlugin
2025-08-29 05:22:03,872 - INFO - package: mysql.connector.plugins
2025-08-29 05:22:03,872 - INFO - plugin_name: caching_sha2_password
2025-08-29 05:22:03,872 - INFO - AUTHENTICATION_PLUGIN_CLASS: MySQLCachingSHA2PasswordAuthPlugin
2025-08-29 05:22:09,220 - INFO - Manager 'AHMET' logged in.
2025-08-29 05:22:10,017 - INFO - No standing orders for ECLIPSE on 2025-08-29. Nothing to carry.
2025-08-29 05:22:11,050 - INFO - Loaded 9 allergies
2025-08-29 05:22:11,051 - INFO - Populated allergy combobox with 9 items
2025-08-29 05:22:16,471 - INFO - Order from DB removed for Cabin 'M627', Guest 'HERIBERTO PUERTAS' by Manager 'AHMET'.
2025-08-29 07:38:43,199 - ERROR - Error populating allergies: invalid literal for int() with base 10: 'SU532'
2025-08-29 07:39:10,578 - ERROR - Error populating allergies: invalid literal for int() with base 10: 'SU532'
2025-08-30 00:32:24,566 - INFO - Database path set to: C:\Users\Ahmet Saygin VAROL\PycharmProjects\orders.db
2025-08-30 00:32:24,576 - INFO - DB init done.
2025-08-30 00:32:24,765 - INFO - Database path set to: C:\Users\Ahmet Saygin VAROL\PycharmProjects\orders.db
2025-08-30 00:32:24,910 - INFO - package: mysql.connector.plugins
2025-08-30 00:32:24,910 - INFO - plugin_name: mysql_native_password
2025-08-30 00:32:24,913 - INFO - AUTHENTICATION_PLUGIN_CLASS: MySQLNativePasswordAuthPlugin
2025-08-30 00:32:24,914 - INFO - package: mysql.connector.plugins
2025-08-30 00:32:24,914 - INFO - plugin_name: caching_sha2_password
2025-08-30 00:32:24,914 - INFO - AUTHENTICATION_PLUGIN_CLASS: MySQLCachingSHA2PasswordAuthPlugin
2025-08-30 00:32:27,119 - INFO - Database path set to: C:\Users\Ahmet Saygin VAROL\PycharmProjects\orders.db
2025-08-30 00:32:27,121 - INFO - DB init done.
2025-08-30 00:32:27,296 - INFO - Database path set to: C:\Users\Ahmet Saygin VAROL\PycharmProjects\orders.db
2025-08-30 00:32:27,390 - INFO - package: mysql.connector.plugins
2025-08-30 00:32:27,391 - INFO - plugin_name: mysql_native_password
2025-08-30 00:32:27,391 - INFO - AUTHENTICATION_PLUGIN_CLASS: MySQLNativePasswordAuthPlugin
2025-08-30 00:32:27,392 - INFO - package: mysql.connector.plugins
2025-08-30 00:32:27,392 - INFO - plugin_name: caching_sha2_password
2025-08-30 00:32:27,392 - INFO - AUTHENTICATION_PLUGIN_CLASS: MySQLCachingSHA2PasswordAuthPlugin
2025-08-30 00:32:32,479 - INFO - Manager 'AHMET' logged in.
2025-08-30 00:32:34,515 - INFO - No standing orders for ECLIPSE on 2025-08-29. Nothing to carry.
2025-08-30 00:32:35,597 - INFO - Loaded 9 allergies
2025-08-30 00:32:35,597 - INFO - Populated allergy combobox with 9 items
2025-08-30 00:32:41,569 - ERROR - Error fetching guest orders: name 'service_date' is not defined
2025-08-30 00:33:00,047 - ERROR - Error fetching guest orders: name 'service_date' is not defined
2025-08-30 00:33:06,396 - INFO - Manager logged out.
2025-08-30 00:33:10,637 - INFO - Manager 'AHMET' logged in.
2025-08-30 00:33:11,566 - INFO - No standing orders for ECLIPSE on 2025-08-29. Nothing to carry.
2025-08-30 00:33:12,639 - INFO - Loaded 9 allergies
2025-08-30 00:33:12,640 - INFO - Populated allergy combobox with 9 items
2025-08-30 00:33:22,826 - INFO - No standing orders for SANCTUARY on 2025-08-29. Nothing to carry.
2025-08-30 00:33:23,879 - INFO - Loaded 9 allergies
2025-08-30 00:33:23,879 - INFO - Populated allergy combobox with 9 items
2025-08-30 00:34:02,033 - INFO - Manager logged out.
2025-08-30 00:34:08,731 - INFO - Manager 'CHEF' logged in.
2025-08-30 00:34:10,676 - INFO - No standing orders for ECLIPSE on 2025-08-29. Nothing to carry.
2025-08-30 00:34:11,760 - INFO - Loaded 9 allergies
2025-08-30 00:34:11,760 - INFO - Populated allergy combobox with 9 items
2025-08-30 00:36:41,072 - INFO - Database path set to: C:\Users\Ahmet Saygin VAROL\PycharmProjects\orders.db
2025-08-30 00:36:41,074 - INFO - DB init done.
2025-08-30 00:36:41,227 - INFO - Database path set to: C:\Users\Ahmet Saygin VAROL\PycharmProjects\orders.db
2025-08-30 00:36:41,399 - INFO - package: mysql.connector.plugins
2025-08-30 00:36:41,399 - INFO - plugin_name: mysql_native_password
2025-08-30 00:36:41,400 - INFO - AUTHENTICATION_PLUGIN_CLASS: MySQLNativePasswordAuthPlugin
2025-08-30 00:36:41,401 - INFO - package: mysql.connector.plugins
2025-08-30 00:36:41,401 - INFO - plugin_name: caching_sha2_password
2025-08-30 00:36:41,401 - INFO - AUTHENTICATION_PLUGIN_CLASS: MySQLCachingSHA2PasswordAuthPlugin
2025-08-30 00:55:41,649 - INFO - Database path set to: C:\Users\Ahmet Saygin VAROL\PycharmProjects\orders.db
2025-08-30 00:55:41,660 - INFO - DB init done.
2025-08-30 00:55:41,887 - INFO - Database path set to: C:\Users\Ahmet Saygin VAROL\PycharmProjects\orders.db
2025-08-30 00:55:42,080 - INFO - package: mysql.connector.plugins
2025-08-30 00:55:42,080 - INFO - plugin_name: mysql_native_password
2025-08-30 00:55:42,081 - INFO - AUTHENTICATION_PLUGIN_CLASS: MySQLNativePasswordAuthPlugin
2025-08-30 00:55:42,082 - INFO - package: mysql.connector.plugins
2025-08-30 00:55:42,083 - INFO - plugin_name: caching_sha2_password
2025-08-30 00:55:42,083 - INFO - AUTHENTICATION_PLUGIN_CLASS: MySQLCachingSHA2PasswordAuthPlugin
2025-08-30 00:55:47,603 - INFO - Manager 'CHEF' logged in.
2025-08-30 00:55:48,813 - INFO - No standing orders for ECLIPSE on 2025-08-29. Nothing to carry.
2025-08-30 00:55:49,975 - INFO - Loaded 9 allergies
2025-08-30 00:55:49,976 - INFO - Populated allergy combobox with 9 items
2025-08-30 00:56:33,028 - INFO - Database path set to: C:\Users\Ahmet Saygin VAROL\PycharmProjects\orders.db
2025-08-30 00:56:33,029 - INFO - DB init done.
2025-08-30 00:56:33,175 - INFO - Database path set to: C:\Users\Ahmet Saygin VAROL\PycharmProjects\orders.db
2025-08-30 00:56:33,272 - INFO - package: mysql.connector.plugins
2025-08-30 00:56:33,272 - INFO - plugin_name: mysql_native_password
2025-08-30 00:56:33,273 - INFO - AUTHENTICATION_PLUGIN_CLASS: MySQLNativePasswordAuthPlugin
2025-08-30 00:56:33,274 - INFO - package: mysql.connector.plugins
2025-08-30 00:56:33,274 - INFO - plugin_name: caching_sha2_password
2025-08-30 00:56:33,274 - INFO - AUTHENTICATION_PLUGIN_CLASS: MySQLCachingSHA2PasswordAuthPlugin
2025-08-30 00:56:37,547 - INFO - Manager 'CHEF' logged in.
2025-08-30 00:56:38,585 - INFO - No standing orders for ECLIPSE on 2025-08-29. Nothing to carry.
2025-08-30 00:56:39,675 - INFO - Loaded 9 allergies
2025-08-30 00:56:39,675 - INFO - Populated allergy combobox with 9 items
2025-08-30 02:57:50,500 - INFO - Database path set to: C:\Users\Ahmet Saygin VAROL\PycharmProjects\orders.db
2025-08-30 02:57:50,502 - INFO - DB init done.
2025-08-30 02:57:50,645 - INFO - Database path set to: C:\Users\Ahmet Saygin VAROL\PycharmProjects\orders.db
2025-08-30 02:57:50,661 - WARNING - No current_voyage_id found in app_config. Ask Admin to set Voyage.
2025-08-30 02:57:54,753 - INFO - Manager 'AHMET' logged in.
2025-08-30 02:57:55,767 - INFO - No standing orders for ECLIPSE on 2025-08-29. Nothing to carry.
2025-08-30 02:57:56,007 - ERROR - Error fetching preorders: unrecognized token: "#"
2025-08-30 02:57:56,007 - ERROR - Error fetching preorders: unrecognized token: "#"
2025-08-30 02:57:56,008 - INFO - Loaded 9 allergies
2025-08-30 02:57:56,008 - INFO - Populated allergy combobox with 9 items
2025-08-30 03:26:04,465 - INFO - Database path set to: C:\Users\Ahmet Saygin VAROL\PycharmProjects\orders.db
2025-08-30 03:26:04,467 - INFO - DB init done.
2025-08-30 03:26:04,597 - INFO - Database path set to: C:\Users\Ahmet Saygin VAROL\PycharmProjects\orders.db
2025-08-30 03:26:47,639 - INFO - Database path set to: C:\Users\Ahmet Saygin VAROL\PycharmProjects\orders.db
2025-08-30 03:26:47,640 - INFO - DB init done.
2025-08-30 03:26:47,754 - INFO - Database path set to: C:\Users\Ahmet Saygin VAROL\PycharmProjects\orders.db
2025-08-30 03:26:51,366 - INFO - Manager 'AHMET' logged in.
2025-08-30 03:26:52,328 - INFO - No standing orders for ECLIPSE on 2025-08-29. Nothing to carry.
2025-08-30 03:26:52,578 - ERROR - Error fetching preorders: unrecognized token: "#"
2025-08-30 03:26:52,579 - ERROR - Error fetching preorders: unrecognized token: "#"
2025-08-30 03:26:52,580 - INFO - Loaded 2 allergies
2025-08-30 03:26:52,580 - INFO - Populated allergy combobox with 2 items
2025-08-30 03:27:23,629 - ERROR - Error populating allergies: invalid literal for int() with base 10: 'SU532'
2025-08-30 03:27:38,179 - ERROR - Error fetching preorders: unrecognized token: "#"
2025-08-30 03:27:38,180 - ERROR - Error fetching preorders: unrecognized token: "#"
2025-08-30 03:27:52,413 - ERROR - Error fetching preorders: unrecognized token: "#"
2025-08-30 03:27:52,414 - ERROR - Error fetching preorders: unrecognized token: "#"
2025-08-30 03:28:39,744 - ERROR - Error populating allergies: invalid literal for int() with base 10: 'SU532'
2025-08-30 03:28:50,839 - ERROR - Error fetching guest orders: name 'service_date' is not defined
2025-08-30 03:34:27,401 - INFO - Database path set to: C:\Users\Ahmet Saygin VAROL\PycharmProjects\orders.db
2025-08-30 03:34:27,403 - INFO - DB init done.
2025-08-30 03:34:27,610 - INFO - Database path set to: C:\Users\Ahmet Saygin VAROL\PycharmProjects\orders.db
2025-08-30 03:34:31,339 - INFO - Manager 'AHMET' logged in.
2025-08-30 03:34:33,068 - INFO - No standing orders for ECLIPSE on 2025-08-29. Nothing to carry.
2025-08-30 03:34:33,331 - ERROR - Error fetching preorders: unrecognized token: "#"
2025-08-30 03:34:33,332 - ERROR - Error fetching preorders: unrecognized token: "#"
2025-08-30 03:34:33,333 - INFO - Loaded 2 allergies
2025-08-30 03:34:33,333 - INFO - Populated allergy combobox with 2 items
2025-08-30 03:34:40,258 - ERROR - Error populating allergies: invalid literal for int() with base 10: 'SU532'
2025-08-30 03:34:45,720 - ERROR - Error fetching guest orders: name 'service_date' is not defined
2025-08-30 03:35:33,151 - ERROR - Error fetching preorders: unrecognized token: "#"
2025-08-30 03:35:33,151 - ERROR - Error fetching preorders: unrecognized token: "#"
2025-08-30 03:36:30,712 - INFO - Database path set to: C:\Users\Ahmet Saygin VAROL\PycharmProjects\orders.db
2025-08-30 03:36:30,714 - INFO - DB init done.
2025-08-30 03:36:30,856 - INFO - Database path set to: C:\Users\Ahmet Saygin VAROL\PycharmProjects\orders.db
2025-08-30 03:36:34,834 - INFO - Manager 'AHMET' logged in.
2025-08-30 03:36:36,170 - INFO - No standing orders for ECLIPSE on 2025-08-29. Nothing to carry.
2025-08-30 03:36:36,387 - ERROR - Error fetching preorders: unrecognized token: "#"
2025-08-30 03:36:36,387 - ERROR - Error fetching preorders: unrecognized token: "#"
2025-08-30 03:36:36,388 - INFO - Loaded 2 allergies
2025-08-30 03:36:36,388 - INFO - Populated allergy combobox with 2 items
2025-08-30 03:36:41,038 - ERROR - Error populating allergies: invalid literal for int() with base 10: 'SU532'
2025-08-30 03:36:54,169 - ERROR - Error populating allergies: invalid literal for int() with base 10: 'SU532'
2025-08-30 03:37:36,238 - ERROR - Error fetching preorders: unrecognized token: "#"
2025-08-30 03:37:36,239 - ERROR - Error fetching preorders: unrecognized token: "#"
2025-08-30 03:40:31,810 - INFO - Database path set to: C:\Users\Ahmet Saygin VAROL\PycharmProjects\orders.db
2025-08-30 03:40:31,811 - INFO - DB init done.
2025-08-30 03:40:31,950 - INFO - Database path set to: C:\Users\Ahmet Saygin VAROL\PycharmProjects\orders.db
2025-08-30 03:40:35,729 - INFO - Manager 'AHMET' logged in.
2025-08-30 03:40:36,602 - INFO - No standing orders for ECLIPSE on 2025-08-29. Nothing to carry.
2025-08-30 03:40:36,834 - ERROR - Error fetching preorders: unrecognized token: "#"
2025-08-30 03:40:36,834 - ERROR - Error fetching preorders: unrecognized token: "#"
2025-08-30 03:40:36,835 - INFO - Loaded 2 allergies
2025-08-30 03:40:36,837 - INFO - Populated allergy combobox with 2 items
2025-08-30 03:41:36,675 - ERROR - Error fetching preorders: unrecognized token: "#"
2025-08-30 03:41:36,675 - ERROR - Error fetching preorders: unrecognized token: "#"
2025-08-30 03:52:34,698 - INFO - No standing orders for ECLIPSE on 2025-08-29. Nothing to carry.
2025-08-30 03:52:34,964 - ERROR - Error fetching preorders: unrecognized token: "#"
2025-08-30 03:52:34,964 - ERROR - Error fetching preorders: unrecognized token: "#"
2025-08-30 03:52:34,966 - INFO - Loaded 2 allergies
2025-08-30 03:52:34,966 - INFO - Populated allergy combobox with 2 items
2025-08-30 03:53:23,203 - INFO - Database path set to: C:\Users\Ahmet Saygin VAROL\PycharmProjects\orders.db
2025-08-30 03:53:23,204 - INFO - DB init done.
2025-08-30 03:53:23,334 - INFO - Database path set to: C:\Users\Ahmet Saygin VAROL\PycharmProjects\orders.db
2025-08-30 03:53:27,180 - INFO - Manager 'AHMET' logged in.
2025-08-30 03:53:27,885 - INFO - No standing orders for ECLIPSE on 2025-08-29. Nothing to carry.
2025-08-30 03:53:28,100 - ERROR - Error fetching preorders: unrecognized token: "#"
2025-08-30 03:53:28,100 - ERROR - Error fetching preorders: unrecognized token: "#"
2025-08-30 03:53:28,101 - INFO - Loaded 2 allergies
2025-08-30 03:53:28,102 - INFO - Populated allergy combobox with 2 items
2025-08-30 03:53:56,927 - ERROR - Error fetching preorders: unrecognized token: "#"
2025-08-30 03:53:56,927 - ERROR - Error fetching preorders: unrecognized token: "#"
2025-08-30 03:54:27,957 - ERROR - Error fetching preorders: unrecognized token: "#"
2025-08-30 03:54:27,957 - ERROR - Error fetching preorders: unrecognized token: "#"
2025-08-30 03:59:59,699 - INFO - Database path set to: C:\Users\Ahmet Saygin VAROL\PycharmProjects\orders.db
2025-08-30 03:59:59,701 - INFO - DB init done.
2025-08-30 03:59:59,840 - INFO - Database path set to: C:\Users\Ahmet Saygin VAROL\PycharmProjects\orders.db
2025-08-30 04:00:03,398 - INFO - Manager 'AHMET' logged in.
2025-08-30 04:00:03,869 - INFO - No standing orders for ECLIPSE on 2025-08-30. Nothing to carry.
2025-08-30 04:00:04,090 - INFO - Loaded 2 allergies
2025-08-30 04:00:04,090 - INFO - Populated allergy combobox with 2 items
2025-08-30 04:31:16,228 - INFO - Database path set to: C:\Users\Ahmet Saygin VAROL\PycharmProjects\orders.db
2025-08-30 04:31:16,230 - INFO - DB init done.
2025-08-30 04:31:16,355 - INFO - Database path set to: C:\Users\Ahmet Saygin VAROL\PycharmProjects\orders.db
2025-08-30 04:31:19,559 - INFO - Manager 'AHMET' logged in.
2025-08-30 04:31:20,552 - INFO - No standing orders for ECLIPSE on 2025-08-30. Nothing to carry.
2025-08-30 04:31:20,777 - INFO - Loaded 2 allergies
2025-08-30 04:31:20,777 - INFO - Populated allergy combobox with 2 items
2025-08-30 04:32:43,035 - INFO - No standing orders for ECLIPSE on 2025-08-30. Nothing to carry.
2025-08-30 04:32:43,293 - INFO - Loaded 10 allergies
2025-08-30 04:32:43,293 - INFO - Populated allergy combobox with 10 items
2025-08-30 04:39:28,933 - INFO - Database path set to: C:\Users\Ahmet Saygin VAROL\PycharmProjects\orders.db
2025-08-30 04:39:28,934 - INFO - DB init done.
2025-08-30 04:39:29,076 - INFO - Database path set to: C:\Users\Ahmet Saygin VAROL\PycharmProjects\orders.db
2025-08-30 04:39:33,220 - INFO - Manager 'AHMET' logged in.
2025-08-30 04:39:35,512 - INFO - No standing orders for ECLIPSE on 2025-08-30. Nothing to carry.
2025-08-30 04:39:35,734 - INFO - Loaded 10 allergies
2025-08-30 04:39:35,734 - INFO - Populated allergy combobox with 10 items
2025-08-30 04:42:08,500 - INFO - Database path set to: C:\Users\Ahmet Saygin VAROL\PycharmProjects\orders.db
2025-08-30 04:42:08,501 - INFO - DB init done.
2025-08-30 04:42:08,628 - INFO - Database path set to: C:\Users\Ahmet Saygin VAROL\PycharmProjects\orders.db
2025-08-30 04:42:12,031 - INFO - Manager 'AHMET' logged in.
2025-08-30 04:42:13,145 - INFO - No standing orders for ECLIPSE on 2025-08-30. Nothing to carry.
2025-08-30 04:42:13,368 - INFO - Loaded 10 allergies
2025-08-30 04:42:13,369 - INFO - Populated allergy combobox with 10 items
2025-08-30 04:43:43,476 - INFO - Database path set to: C:\Users\Ahmet Saygin VAROL\PycharmProjects\orders.db
2025-08-30 04:43:43,477 - INFO - DB init done.
2025-08-30 04:43:43,599 - INFO - Database path set to: C:\Users\Ahmet Saygin VAROL\PycharmProjects\orders.db
2025-08-30 04:43:48,287 - INFO - Manager 'AHMET' logged in.
2025-08-30 04:43:49,353 - INFO - No standing orders for ECLIPSE on 2025-08-30. Nothing to carry.
2025-08-30 04:43:49,578 - INFO - Loaded 10 allergies
2025-08-30 04:43:49,578 - INFO - Populated allergy combobox with 10 items
2025-08-30 04:45:24,901 - INFO - Database path set to: C:\Users\Ahmet Saygin VAROL\PycharmProjects\orders.db
2025-08-30 04:45:24,902 - INFO - DB init done.
2025-08-30 04:45:25,047 - INFO - Database path set to: C:\Users\Ahmet Saygin VAROL\PycharmProjects\orders.db
2025-08-30 04:45:28,521 - INFO - Manager 'AHMET' logged in.
2025-08-30 04:45:28,983 - INFO - No standing orders for ECLIPSE on 2025-08-30. Nothing to carry.
2025-08-30 04:45:29,213 - INFO - Loaded 10 allergies
2025-08-30 04:45:29,214 - INFO - Populated allergy combobox with 10 items
2025-08-30 07:22:34,885 - INFO - Database path set to: C:\Users\Ahmet Saygin VAROL\PycharmProjects\orders.db
2025-08-30 07:22:34,887 - INFO - DB init done.
2025-08-30 07:22:35,002 - INFO - Database path set to: C:\Users\Ahmet Saygin VAROL\PycharmProjects\orders.db
2025-08-30 07:22:38,228 - INFO - Manager 'AHMET' logged in.
2025-08-30 07:22:39,012 - INFO - No standing orders for ECLIPSE on 2025-08-30. Nothing to carry.
2025-08-30 07:22:53,809 - INFO - Database path set to: C:\Users\Ahmet Saygin VAROL\PycharmProjects\orders.db
2025-08-30 07:22:53,810 - INFO - DB init done.
2025-08-30 07:22:53,919 - INFO - Database path set to: C:\Users\Ahmet Saygin VAROL\PycharmProjects\orders.db
2025-08-30 07:22:57,430 - INFO - Manager 'AHMET' logged in.
2025-08-30 07:22:58,203 - INFO - No standing orders for ECLIPSE on 2025-08-30. Nothing to carry.
2025-08-30 07:23:15,249 - INFO - Database path set to: C:\Users\Ahmet Saygin VAROL\PycharmProjects\orders.db
2025-08-30 07:23:15,250 - INFO - DB init done.
2025-08-30 07:23:15,372 - INFO - Database path set to: C:\Users\Ahmet Saygin VAROL\PycharmProjects\orders.db
2025-08-30 07:23:19,413 - INFO - Manager 'AHMET' logged in.
2025-08-30 07:23:19,798 - INFO - No standing orders for ECLIPSE on 2025-08-30. Nothing to carry.
2025-08-30 07:23:20,035 - INFO - Loaded 10 allergies
2025-08-30 07:23:20,035 - INFO - Populated allergy combobox with 10 items
2025-08-30 07:23:51,481 - INFO - Database path set to: C:\Users\Ahmet Saygin VAROL\PycharmProjects\orders.db
2025-08-30 07:23:51,482 - INFO - DB init done.
2025-08-30 07:23:51,602 - INFO - Database path set to: C:\Users\Ahmet Saygin VAROL\PycharmProjects\orders.db
2025-08-30 07:23:54,800 - INFO - Manager 'AHMET' logged in.
2025-08-30 07:23:55,441 - INFO - No standing orders for ECLIPSE on 2025-08-30. Nothing to carry.
2025-08-30 07:23:55,663 - INFO - Loaded 10 allergies
2025-08-30 07:23:55,664 - INFO - Populated allergy combobox with 10 items
2025-08-30 07:24:16,406 - INFO - Database path set to: C:\Users\Ahmet Saygin VAROL\PycharmProjects\orders.db
2025-08-30 07:24:16,407 - INFO - DB init done.
2025-08-30 07:24:16,527 - INFO - Database path set to: C:\Users\Ahmet Saygin VAROL\PycharmProjects\orders.db
2025-08-30 07:24:21,220 - INFO - Manager 'AHMET' logged in.
2025-08-30 07:24:21,807 - INFO - No standing orders for ECLIPSE on 2025-08-30. Nothing to carry.
2025-08-30 07:24:22,024 - INFO - Loaded 10 allergies
2025-08-30 07:24:22,024 - INFO - Populated allergy combobox with 10 items
2025-08-30 07:24:58,621 - INFO - Database path set to: C:\Users\Ahmet Saygin VAROL\PycharmProjects\orders.db
2025-08-30 07:24:58,622 - INFO - DB init done.
2025-08-30 07:24:58,744 - INFO - Database path set to: C:\Users\Ahmet Saygin VAROL\PycharmProjects\orders.db
2025-08-30 07:24:58,988 - INFO - package: mysql.connector.plugins
2025-08-30 07:24:58,988 - INFO - plugin_name: mysql_native_password
2025-08-30 07:24:58,990 - INFO - AUTHENTICATION_PLUGIN_CLASS: MySQLNativePasswordAuthPlugin
2025-08-30 07:24:58,991 - INFO - package: mysql.connector.plugins
2025-08-30 07:24:58,991 - INFO - plugin_name: caching_sha2_password
2025-08-30 07:24:58,991 - INFO - AUTHENTICATION_PLUGIN_CLASS: MySQLCachingSHA2PasswordAuthPlugin
2025-08-30 07:25:02,759 - INFO - Manager 'AHMET' logged in.
2025-08-30 07:25:03,532 - INFO - No standing orders for ECLIPSE on 2025-08-30. Nothing to carry.
2025-08-30 07:25:04,481 - INFO - Loaded 9 allergies
2025-08-30 07:25:04,481 - INFO - Populated allergy combobox with 9 items
2025-08-30 07:46:50,169 - INFO - Database path set to: C:\Users\Ahmet Saygin VAROL\PycharmProjects\orders.db
2025-08-30 07:46:50,170 - INFO - DB init done.
2025-08-30 07:46:50,287 - INFO - Database path set to: C:\Users\Ahmet Saygin VAROL\PycharmProjects\orders.db
2025-08-30 07:46:56,277 - INFO - Database path set to: C:\Users\Ahmet Saygin VAROL\PycharmProjects\orders.db
2025-08-30 07:46:56,278 - INFO - DB init done.
2025-08-30 07:46:56,392 - INFO - Database path set to: C:\Users\Ahmet Saygin VAROL\PycharmProjects\orders.db
2025-08-30 07:47:00,096 - INFO - Manager 'AHMET' logged in.
2025-08-30 07:47:01,402 - INFO - No standing orders for ECLIPSE on 2025-08-30. Nothing to carry.
2025-08-30 07:47:01,637 - INFO - Loaded 10 allergies
2025-08-30 07:47:01,638 - INFO - Populated allergy combobox with 10 items
2025-08-30 07:47:39,432 - INFO - No standing orders for SOLEIL on 2025-08-30. Nothing to carry.
2025-08-30 07:47:39,668 - INFO - Loaded 10 allergies
2025-08-30 07:47:39,668 - INFO - Populated allergy combobox with 10 items
2025-08-30 07:56:21,991 - INFO - Database path set to: C:\Users\Ahmet Saygin VAROL\PycharmProjects\orders.db
2025-08-30 07:56:21,992 - INFO - DB init done.
2025-08-30 07:56:22,131 - INFO - Database path set to: C:\Users\Ahmet Saygin VAROL\PycharmProjects\orders.db
2025-08-30 07:56:25,854 - INFO - Manager 'AHMET' logged in.
2025-08-30 07:56:26,282 - INFO - No standing orders for ECLIPSE on 2025-08-30. Nothing to carry.
2025-08-30 07:56:26,510 - INFO - Loaded 10 allergies
2025-08-30 07:56:26,510 - INFO - Populated allergy combobox with 10 items
2025-08-30 07:56:39,227 - INFO - No standing orders for SANCTUARY on 2025-08-30. Nothing to carry.
2025-08-30 07:56:39,475 - INFO - Loaded 10 allergies
2025-08-30 07:56:39,475 - INFO - Populated allergy combobox with 10 items
2025-08-30 07:59:50,903 - INFO - Database path set to: C:\Users\Ahmet Saygin VAROL\PycharmProjects\orders.db
2025-08-30 07:59:50,905 - INFO - DB init done.
2025-08-30 07:59:51,039 - INFO - Database path set to: C:\Users\Ahmet Saygin VAROL\PycharmProjects\orders.db
2025-08-30 07:59:54,509 - INFO - Manager 'AHMET' logged in.
2025-08-30 07:59:57,212 - INFO - No standing orders for SANCTUARY on 2025-08-30. Nothing to carry.
2025-08-30 07:59:57,446 - INFO - Loaded 10 allergies
2025-08-30 07:59:57,447 - INFO - Populated allergy combobox with 10 items
2025-08-30 08:00:07,881 - INFO - No standing orders for SOLEIL on 2025-08-30. Nothing to carry.
2025-08-30 08:00:08,106 - INFO - Loaded 10 allergies
2025-08-30 08:00:08,106 - INFO - Populated allergy combobox with 10 items
2025-08-30 08:05:52,401 - INFO - No standing orders for ECLIPSE on 2025-08-30. Nothing to carry.
2025-08-30 08:05:52,631 - INFO - Loaded 10 allergies
2025-08-30 08:05:52,631 - INFO - Populated allergy combobox with 10 items
2025-08-30 08:06:09,374 - INFO - No standing orders for SOLEIL on 2025-08-30. Nothing to carry.
2025-08-30 08:06:09,600 - INFO - Loaded 10 allergies
2025-08-30 08:06:09,601 - INFO - Populated allergy combobox with 10 items
2025-08-30 08:07:57,319 - INFO - Database path set to: C:\Users\Ahmet Saygin VAROL\PycharmProjects\orders.db
2025-08-30 08:07:57,320 - INFO - DB init done.
2025-08-30 08:07:57,441 - INFO - Database path set to: C:\Users\Ahmet Saygin VAROL\PycharmProjects\orders.db
2025-08-30 08:08:01,559 - INFO - Manager 'AHMET' logged in.
2025-08-30 08:08:02,522 - INFO - No standing orders for ECLIPSE on 2025-08-30. Nothing to carry.
2025-08-30 08:08:02,734 - INFO - Loaded 10 allergies
2025-08-30 08:08:02,734 - INFO - Populated allergy combobox with 10 items
2025-08-30 08:08:10,597 - INFO - No standing orders for SANCTUARY on 2025-08-30. Nothing to carry.
2025-08-30 08:08:10,835 - INFO - Loaded 10 allergies
2025-08-30 08:08:10,835 - INFO - Populated allergy combobox with 10 items
2025-08-30 08:09:00,253 - INFO - Database path set to: C:\Users\Ahmet Saygin VAROL\PycharmProjects\orders.db
2025-08-30 08:09:00,255 - INFO - DB init done.
2025-08-30 08:09:00,390 - INFO - Database path set to: C:\Users\Ahmet Saygin VAROL\PycharmProjects\orders.db
2025-08-30 08:09:04,766 - INFO - Manager 'AHMET' logged in.
2025-08-30 08:09:08,451 - INFO - No standing orders for SANCTUARY on 2025-08-30. Nothing to carry.
2025-08-30 08:09:08,676 - INFO - Loaded 10 allergies
2025-08-30 08:09:08,676 - INFO - Populated allergy combobox with 10 items
2025-08-30 08:11:55,861 - INFO - Database path set to: C:\Users\Ahmet Saygin VAROL\PycharmProjects\orders.db
2025-08-30 08:11:55,863 - INFO - DB init done.
2025-08-30 08:11:55,986 - INFO - Database path set to: C:\Users\Ahmet Saygin VAROL\PycharmProjects\orders.db
2025-08-30 08:12:00,316 - INFO - Manager 'AHMET' logged in.
2025-08-30 08:12:04,738 - INFO - No standing orders for SANCTUARY on 2025-08-30. Nothing to carry.
2025-08-30 08:12:04,958 - INFO - Loaded 10 allergies
2025-08-30 08:12:04,958 - INFO - Populated allergy combobox with 10 items
2025-08-30 08:15:12,595 - INFO - Database path set to: C:\Users\Ahmet Saygin VAROL\PycharmProjects\orders.db
2025-08-30 08:15:12,596 - INFO - DB init done.
2025-08-30 08:15:12,715 - INFO - Database path set to: C:\Users\Ahmet Saygin VAROL\PycharmProjects\orders.db
2025-08-30 08:15:16,926 - INFO - Manager 'AHMET' logged in.
2025-08-30 08:15:21,051 - INFO - No standing orders for SANCTUARY on 2025-08-30. Nothing to carry.
2025-08-30 08:15:21,270 - INFO - Loaded 10 allergies
2025-08-30 08:15:21,270 - INFO - Populated allergy combobox with 10 items
2025-08-31 00:48:21,110 - INFO - Database path set to: C:\Users\Ahmet Saygin VAROL\PycharmProjects\orders.db
2025-08-31 00:48:21,112 - INFO - DB init done.
2025-08-31 00:48:21,292 - INFO - Database path set to: C:\Users\Ahmet Saygin VAROL\PycharmProjects\orders.db
2025-08-31 00:48:24,798 - INFO - Manager 'AHMET' logged in.
2025-08-31 00:48:25,774 - INFO - No standing orders for ECLIPSE on 2025-08-30. Nothing to carry.
2025-08-31 00:48:26,107 - INFO - Loaded 10 allergies
2025-08-31 00:48:26,108 - INFO - Populated allergy combobox with 10 items
2025-08-31 00:55:54,917 - INFO - No standing orders for SOLEIL on 2025-08-30. Nothing to carry.
2025-08-31 00:55:55,236 - INFO - Loaded 10 allergies
2025-08-31 00:55:55,236 - INFO - Populated allergy combobox with 10 items
2025-08-31 00:56:48,644 - INFO - Database path set to: C:\Users\Ahmet Saygin VAROL\PycharmProjects\orders.db
2025-08-31 00:56:48,646 - INFO - DB init done.
2025-08-31 00:56:48,774 - INFO - Database path set to: C:\Users\Ahmet Saygin VAROL\PycharmProjects\orders.db
2025-08-31 00:56:51,883 - INFO - Manager 'AHMET' logged in.
2025-08-31 00:56:52,726 - INFO - No standing orders for ECLIPSE on 2025-08-30. Nothing to carry.
2025-08-31 00:56:53,060 - INFO - Loaded 10 allergies
2025-08-31 00:56:53,060 - INFO - Populated allergy combobox with 10 items
2025-08-31 00:59:38,349 - INFO - Database path set to: C:\Users\Ahmet Saygin VAROL\PycharmProjects\orders.db
2025-08-31 00:59:38,351 - INFO - DB init done.
2025-08-31 00:59:38,522 - INFO - Database path set to: C:\Users\Ahmet Saygin VAROL\PycharmProjects\orders.db
2025-08-31 00:59:38,710 - INFO - package: mysql.connector.plugins
2025-08-31 00:59:38,710 - INFO - plugin_name: mysql_native_password
2025-08-31 00:59:38,712 - INFO - AUTHENTICATION_PLUGIN_CLASS: MySQLNativePasswordAuthPlugin
2025-08-31 00:59:38,713 - INFO - package: mysql.connector.plugins
2025-08-31 00:59:38,713 - INFO - plugin_name: caching_sha2_password
2025-08-31 00:59:38,713 - INFO - AUTHENTICATION_PLUGIN_CLASS: MySQLCachingSHA2PasswordAuthPlugin
2025-08-31 00:59:42,415 - INFO - Manager 'AHMET' logged in.
2025-08-31 00:59:43,628 - INFO - No standing orders for ECLIPSE on 2025-08-30. Nothing to carry.
2025-08-31 00:59:44,765 - INFO - Loaded 9 allergies
2025-08-31 00:59:44,765 - INFO - Populated allergy combobox with 9 items
2025-08-31 01:01:34,779 - INFO - Database path set to: C:\Users\Ahmet Saygin VAROL\PycharmProjects\orders.db
2025-08-31 01:01:34,781 - INFO - DB init done.
2025-08-31 01:01:34,904 - INFO - Database path set to: C:\Users\Ahmet Saygin VAROL\PycharmProjects\orders.db
2025-08-31 01:01:35,007 - INFO - package: mysql.connector.plugins
2025-08-31 01:01:35,007 - INFO - plugin_name: mysql_native_password
2025-08-31 01:01:35,008 - INFO - AUTHENTICATION_PLUGIN_CLASS: MySQLNativePasswordAuthPlugin
2025-08-31 01:01:35,008 - INFO - package: mysql.connector.plugins
2025-08-31 01:01:35,008 - INFO - plugin_name: caching_sha2_password
2025-08-31 01:01:35,008 - INFO - AUTHENTICATION_PLUGIN_CLASS: MySQLCachingSHA2PasswordAuthPlugin
2025-08-31 01:01:35,890 - INFO - Database path set to: C:\Users\Ahmet Saygin VAROL\PycharmProjects\orders.db
2025-08-31 01:01:35,892 - INFO - DB init done.
2025-08-31 01:01:36,019 - INFO - Database path set to: C:\Users\Ahmet Saygin VAROL\PycharmProjects\orders.db
2025-08-31 01:01:36,108 - INFO - package: mysql.connector.plugins
2025-08-31 01:01:36,108 - INFO - plugin_name: mysql_native_password
2025-08-31 01:01:36,109 - INFO - AUTHENTICATION_PLUGIN_CLASS: MySQLNativePasswordAuthPlugin
2025-08-31 01:01:36,109 - INFO - package: mysql.connector.plugins
2025-08-31 01:01:36,109 - INFO - plugin_name: caching_sha2_password
2025-08-31 01:01:36,109 - INFO - AUTHENTICATION_PLUGIN_CLASS: MySQLCachingSHA2PasswordAuthPlugin
2025-08-31 01:01:40,530 - INFO - Manager 'AHMET' logged in.
2025-08-31 01:01:41,441 - INFO - No standing orders for ECLIPSE on 2025-08-30. Nothing to carry.
2025-08-31 01:01:42,552 - INFO - Loaded 9 allergies
2025-08-31 01:01:42,552 - INFO - Populated allergy combobox with 9 items
2025-08-31 01:01:58,056 - INFO - Database path set to: C:\Users\Ahmet Saygin VAROL\PycharmProjects\orders.db
2025-08-31 01:01:58,058 - INFO - DB init done.
2025-08-31 01:01:58,198 - INFO - Database path set to: C:\Users\Ahmet Saygin VAROL\PycharmProjects\orders.db
2025-08-31 01:01:58,287 - INFO - package: mysql.connector.plugins
2025-08-31 01:01:58,287 - INFO - plugin_name: mysql_native_password
2025-08-31 01:01:58,288 - INFO - AUTHENTICATION_PLUGIN_CLASS: MySQLNativePasswordAuthPlugin
2025-08-31 01:01:58,288 - INFO - package: mysql.connector.plugins
2025-08-31 01:01:58,288 - INFO - plugin_name: caching_sha2_password
2025-08-31 01:01:58,288 - INFO - AUTHENTICATION_PLUGIN_CLASS: MySQLCachingSHA2PasswordAuthPlugin
2025-08-31 01:02:02,932 - INFO - Manager 'AHMET' logged in.
2025-08-31 01:02:04,272 - INFO - No standing orders for ECLIPSE on 2025-08-30. Nothing to carry.
2025-08-31 01:02:05,403 - INFO - Loaded 9 allergies
2025-08-31 01:02:05,403 - INFO - Populated allergy combobox with 9 items
2025-08-31 01:02:36,996 - INFO - Database path set to: C:\Users\Ahmet Saygin VAROL\PycharmProjects\orders.db
2025-08-31 01:02:36,998 - INFO - DB init done.
2025-08-31 01:02:37,147 - INFO - Database path set to: C:\Users\Ahmet Saygin VAROL\PycharmProjects\orders.db
2025-08-31 01:02:37,268 - INFO - package: mysql.connector.plugins
2025-08-31 01:02:37,268 - INFO - plugin_name: mysql_native_password
2025-08-31 01:02:37,269 - INFO - AUTHENTICATION_PLUGIN_CLASS: MySQLNativePasswordAuthPlugin
2025-08-31 01:02:37,270 - INFO - package: mysql.connector.plugins
2025-08-31 01:02:37,270 - INFO - plugin_name: caching_sha2_password
2025-08-31 01:02:37,270 - INFO - AUTHENTICATION_PLUGIN_CLASS: MySQLCachingSHA2PasswordAuthPlugin
2025-08-31 01:02:41,501 - INFO - Manager 'AHMET' logged in.
2025-08-31 01:02:42,380 - INFO - No standing orders for ECLIPSE on 2025-08-30. Nothing to carry.
2025-08-31 01:02:43,536 - INFO - Loaded 9 allergies
2025-08-31 01:02:43,536 - INFO - Populated allergy combobox with 9 items
2025-08-31 01:08:02,427 - INFO - Database path set to: C:\Users\Ahmet Saygin VAROL\PycharmProjects\orders.db
2025-08-31 01:08:02,429 - INFO - DB init done.
2025-08-31 01:08:02,598 - INFO - Database path set to: C:\Users\Ahmet Saygin VAROL\PycharmProjects\orders.db
2025-08-31 01:08:02,723 - INFO - package: mysql.connector.plugins
2025-08-31 01:08:02,724 - INFO - plugin_name: mysql_native_password
2025-08-31 01:08:02,725 - INFO - AUTHENTICATION_PLUGIN_CLASS: MySQLNativePasswordAuthPlugin
2025-08-31 01:08:02,725 - INFO - package: mysql.connector.plugins
2025-08-31 01:08:02,725 - INFO - plugin_name: caching_sha2_password
2025-08-31 01:08:02,725 - INFO - AUTHENTICATION_PLUGIN_CLASS: MySQLCachingSHA2PasswordAuthPlugin
2025-08-31 01:08:06,286 - INFO - Manager 'AHMET' logged in.
2025-08-31 01:08:07,146 - INFO - No standing orders for ECLIPSE on 2025-08-30. Nothing to carry.
2025-08-31 01:08:08,262 - INFO - Loaded 9 allergies
2025-08-31 01:08:08,262 - INFO - Populated allergy combobox with 9 items
2025-08-31 01:09:05,464 - INFO - Database path set to: C:\Users\Ahmet Saygin VAROL\PycharmProjects\orders.db
2025-08-31 01:09:05,465 - INFO - DB init done.
2025-08-31 01:09:05,612 - INFO - Database path set to: C:\Users\Ahmet Saygin VAROL\PycharmProjects\orders.db
2025-08-31 01:09:05,733 - INFO - package: mysql.connector.plugins
2025-08-31 01:09:05,733 - INFO - plugin_name: mysql_native_password
2025-08-31 01:09:05,735 - INFO - AUTHENTICATION_PLUGIN_CLASS: MySQLNativePasswordAuthPlugin
2025-08-31 01:09:05,736 - INFO - package: mysql.connector.plugins
2025-08-31 01:09:05,736 - INFO - plugin_name: caching_sha2_password
2025-08-31 01:09:05,737 - INFO - AUTHENTICATION_PLUGIN_CLASS: MySQLCachingSHA2PasswordAuthPlugin
2025-08-31 01:09:15,757 - INFO - Manager 'AHMET' logged in.
2025-08-31 01:09:17,124 - INFO - No standing orders for ECLIPSE on 2025-08-30. Nothing to carry.
2025-08-31 01:09:18,229 - INFO - Loaded 9 allergies
2025-08-31 01:09:18,229 - INFO - Populated allergy combobox with 9 items
2025-08-31 01:10:37,616 - INFO - Database path set to: C:\Users\Ahmet Saygin VAROL\PycharmProjects\orders.db
2025-08-31 01:10:37,617 - INFO - DB init done.
2025-08-31 01:10:37,763 - INFO - Database path set to: C:\Users\Ahmet Saygin VAROL\PycharmProjects\orders.db
2025-08-31 01:10:37,875 - INFO - package: mysql.connector.plugins
2025-08-31 01:10:37,875 - INFO - plugin_name: mysql_native_password
2025-08-31 01:10:37,876 - INFO - AUTHENTICATION_PLUGIN_CLASS: MySQLNativePasswordAuthPlugin
2025-08-31 01:10:37,876 - INFO - package: mysql.connector.plugins
2025-08-31 01:10:37,876 - INFO - plugin_name: caching_sha2_password
2025-08-31 01:10:37,876 - INFO - AUTHENTICATION_PLUGIN_CLASS: MySQLCachingSHA2PasswordAuthPlugin
2025-08-31 01:10:41,332 - INFO - Manager 'AHMET' logged in.
2025-08-31 01:10:42,091 - INFO - No standing orders for ECLIPSE on 2025-08-30. Nothing to carry.
2025-08-31 01:10:43,212 - INFO - Loaded 9 allergies
2025-08-31 01:10:43,212 - INFO - Populated allergy combobox with 9 items
2025-08-31 01:11:59,324 - INFO - Database path set to: C:\Users\Ahmet Saygin VAROL\PycharmProjects\orders.db
2025-08-31 01:11:59,326 - INFO - DB init done.
2025-08-31 01:11:59,448 - INFO - Database path set to: C:\Users\Ahmet Saygin VAROL\PycharmProjects\orders.db
2025-08-31 01:11:59,551 - INFO - package: mysql.connector.plugins
2025-08-31 01:11:59,551 - INFO - plugin_name: mysql_native_password
2025-08-31 01:11:59,552 - INFO - AUTHENTICATION_PLUGIN_CLASS: MySQLNativePasswordAuthPlugin
2025-08-31 01:11:59,552 - INFO - package: mysql.connector.plugins
2025-08-31 01:11:59,552 - INFO - plugin_name: caching_sha2_password
2025-08-31 01:11:59,552 - INFO - AUTHENTICATION_PLUGIN_CLASS: MySQLCachingSHA2PasswordAuthPlugin
2025-08-31 01:12:03,552 - INFO - Manager 'AHMET' logged in.
2025-08-31 01:12:04,560 - INFO - No standing orders for ECLIPSE on 2025-08-30. Nothing to carry.
2025-08-31 01:12:05,723 - INFO - Loaded 9 allergies
2025-08-31 01:12:05,724 - INFO - Populated allergy combobox with 9 items
2025-08-31 01:14:03,653 - INFO - Database path set to: C:\Users\Ahmet Saygin VAROL\PycharmProjects\orders.db
2025-08-31 01:14:03,654 - INFO - DB init done.
2025-08-31 01:14:03,789 - INFO - Database path set to: C:\Users\Ahmet Saygin VAROL\PycharmProjects\orders.db
2025-08-31 01:14:03,909 - INFO - package: mysql.connector.plugins
2025-08-31 01:14:03,910 - INFO - plugin_name: mysql_native_password
2025-08-31 01:14:03,910 - INFO - AUTHENTICATION_PLUGIN_CLASS: MySQLNativePasswordAuthPlugin
2025-08-31 01:14:03,911 - INFO - package: mysql.connector.plugins
2025-08-31 01:14:03,911 - INFO - plugin_name: caching_sha2_password
2025-08-31 01:14:03,911 - INFO - AUTHENTICATION_PLUGIN_CLASS: MySQLCachingSHA2PasswordAuthPlugin
2025-08-31 01:14:08,466 - INFO - Manager 'AHMET' logged in.
2025-08-31 01:14:09,958 - INFO - No standing orders for ECLIPSE on 2025-08-30. Nothing to carry.
2025-08-31 01:14:11,071 - INFO - Loaded 9 allergies
2025-08-31 01:14:11,071 - INFO - Populated allergy combobox with 9 items
2025-08-31 01:15:47,833 - INFO - Database path set to: C:\Users\Ahmet Saygin VAROL\PycharmProjects\orders.db
2025-08-31 01:15:47,834 - INFO - DB init done.
2025-08-31 01:15:47,995 - INFO - Database path set to: C:\Users\Ahmet Saygin VAROL\PycharmProjects\orders.db
2025-08-31 01:15:48,117 - INFO - package: mysql.connector.plugins
2025-08-31 01:15:48,117 - INFO - plugin_name: mysql_native_password
2025-08-31 01:15:48,118 - INFO - AUTHENTICATION_PLUGIN_CLASS: MySQLNativePasswordAuthPlugin
2025-08-31 01:15:48,119 - INFO - package: mysql.connector.plugins
2025-08-31 01:15:48,120 - INFO - plugin_name: caching_sha2_password
2025-08-31 01:15:48,120 - INFO - AUTHENTICATION_PLUGIN_CLASS: MySQLCachingSHA2PasswordAuthPlugin
2025-08-31 01:15:51,146 - INFO - Manager 'AHMET' logged in.
2025-08-31 01:15:52,121 - INFO - No standing orders for ECLIPSE on 2025-08-30. Nothing to carry.
2025-08-31 01:15:53,243 - INFO - Loaded 9 allergies
2025-08-31 01:15:53,243 - INFO - Populated allergy combobox with 9 items
2025-08-31 01:18:57,358 - INFO - Database path set to: C:\Users\Ahmet Saygin VAROL\PycharmProjects\orders.db
2025-08-31 01:18:57,359 - INFO - DB init done.
2025-08-31 01:18:57,507 - INFO - Database path set to: C:\Users\Ahmet Saygin VAROL\PycharmProjects\orders.db
2025-08-31 01:18:57,654 - INFO - package: mysql.connector.plugins
2025-08-31 01:18:57,654 - INFO - plugin_name: mysql_native_password
2025-08-31 01:18:57,655 - INFO - AUTHENTICATION_PLUGIN_CLASS: MySQLNativePasswordAuthPlugin
2025-08-31 01:18:57,656 - INFO - package: mysql.connector.plugins
2025-08-31 01:18:57,656 - INFO - plugin_name: caching_sha2_password
2025-08-31 01:18:57,656 - INFO - AUTHENTICATION_PLUGIN_CLASS: MySQLCachingSHA2PasswordAuthPlugin
2025-08-31 01:19:01,402 - INFO - Manager 'AHMET' logged in.
2025-08-31 01:19:02,719 - INFO - No standing orders for ECLIPSE on 2025-08-30. Nothing to carry.
2025-08-31 01:19:03,777 - INFO - Loaded 9 allergies
2025-08-31 01:19:03,778 - INFO - Populated allergy combobox with 9 items
2025-08-31 01:21:49,660 - INFO - Database path set to: C:\Users\Ahmet Saygin VAROL\PycharmProjects\orders.db
2025-08-31 01:21:49,661 - INFO - DB init done.
2025-08-31 01:21:49,825 - INFO - Database path set to: C:\Users\Ahmet Saygin VAROL\PycharmProjects\orders.db
2025-08-31 01:21:49,997 - INFO - package: mysql.connector.plugins
2025-08-31 01:21:49,997 - INFO - plugin_name: mysql_native_password
2025-08-31 01:21:49,998 - INFO - AUTHENTICATION_PLUGIN_CLASS: MySQLNativePasswordAuthPlugin
2025-08-31 01:21:49,999 - INFO - package: mysql.connector.plugins
2025-08-31 01:21:49,999 - INFO - plugin_name: caching_sha2_password
2025-08-31 01:21:49,999 - INFO - AUTHENTICATION_PLUGIN_CLASS: MySQLCachingSHA2PasswordAuthPlugin
2025-08-31 01:21:53,978 - INFO - Manager 'AHMET' logged in.
2025-08-31 01:21:54,880 - INFO - No standing orders for ECLIPSE on 2025-08-30. Nothing to carry.
2025-08-31 01:21:56,035 - INFO - Loaded 9 allergies
2025-08-31 01:21:56,035 - INFO - Populated allergy combobox with 9 items
2025-08-31 02:28:28,884 - INFO - Database path set to: C:\Users\Ahmet Saygin VAROL\PycharmProjects\orders.db
2025-08-31 02:28:28,893 - INFO - DB init done.
2025-08-31 02:28:29,094 - INFO - Database path set to: C:\Users\Ahmet Saygin VAROL\PycharmProjects\orders.db
2025-08-31 02:28:29,267 - INFO - package: mysql.connector.plugins
2025-08-31 02:28:29,267 - INFO - plugin_name: mysql_native_password
2025-08-31 02:28:29,268 - INFO - AUTHENTICATION_PLUGIN_CLASS: MySQLNativePasswordAuthPlugin
2025-08-31 02:28:29,270 - INFO - package: mysql.connector.plugins
2025-08-31 02:28:29,270 - INFO - plugin_name: caching_sha2_password
2025-08-31 02:28:29,270 - INFO - AUTHENTICATION_PLUGIN_CLASS: MySQLCachingSHA2PasswordAuthPlugin
2025-08-31 02:28:36,254 - INFO - Manager 'AHMET' logged in.
2025-08-31 02:28:37,776 - INFO - No standing orders for ECLIPSE on 2025-08-30. Nothing to carry.
2025-08-31 02:28:38,836 - INFO - Loaded 9 allergies
2025-08-31 02:28:38,836 - INFO - Populated allergy combobox with 9 items
2025-08-31 02:30:09,096 - INFO - Database path set to: C:\Users\Ahmet Saygin VAROL\PycharmProjects\orders.db
2025-08-31 02:30:09,098 - INFO - DB init done.
2025-08-31 02:30:09,250 - INFO - Database path set to: C:\Users\Ahmet Saygin VAROL\PycharmProjects\orders.db
2025-08-31 02:30:09,368 - INFO - package: mysql.connector.plugins
2025-08-31 02:30:09,368 - INFO - plugin_name: mysql_native_password
2025-08-31 02:30:09,370 - INFO - AUTHENTICATION_PLUGIN_CLASS: MySQLNativePasswordAuthPlugin
2025-08-31 02:30:09,370 - INFO - package: mysql.connector.plugins
2025-08-31 02:30:09,371 - INFO - plugin_name: caching_sha2_password
2025-08-31 02:30:09,371 - INFO - AUTHENTICATION_PLUGIN_CLASS: MySQLCachingSHA2PasswordAuthPlugin
2025-08-31 02:30:15,931 - INFO - Manager 'AHMET' logged in.
2025-08-31 02:30:18,625 - INFO - No standing orders for ECLIPSE on 2025-08-30. Nothing to carry.
2025-08-31 02:30:19,588 - INFO - Loaded 9 allergies
2025-08-31 02:30:19,588 - INFO - Populated allergy combobox with 9 items
2025-08-31 03:00:43,721 - INFO - No standing orders for SOLEIL on 2025-08-30. Nothing to carry.
2025-08-31 03:00:44,740 - INFO - Loaded 9 allergies
2025-08-31 03:00:44,740 - INFO - Populated allergy combobox with 9 items
2025-08-31 07:40:26,587 - INFO - Database path set to: C:\Users\Ahmet Saygin VAROL\PycharmProjects\orders.db
2025-08-31 07:40:26,600 - INFO - DB init done.
2025-08-31 07:40:26,728 - INFO - Database path set to: C:\Users\Ahmet Saygin VAROL\PycharmProjects\orders.db
2025-08-31 07:40:26,939 - INFO - package: mysql.connector.plugins
2025-08-31 07:40:26,939 - INFO - plugin_name: mysql_native_password
2025-08-31 07:40:26,942 - INFO - AUTHENTICATION_PLUGIN_CLASS: MySQLNativePasswordAuthPlugin
2025-08-31 07:40:26,942 - INFO - package: mysql.connector.plugins
2025-08-31 07:40:26,942 - INFO - plugin_name: caching_sha2_password
2025-08-31 07:40:26,942 - INFO - AUTHENTICATION_PLUGIN_CLASS: MySQLCachingSHA2PasswordAuthPlugin
2025-08-31 07:40:31,148 - INFO - Manager 'AHMET' logged in.
2025-08-31 07:40:32,227 - INFO - [StandingCarry] None to carry for venue=2, voyage=SU533, date=2025-08-31.
2025-08-31 07:40:35,311 - INFO - Loaded 9 allergies
2025-08-31 07:40:35,312 - INFO - Populated allergy combobox with 9 items
2025-08-31 07:42:31,890 - INFO - Database path set to: C:\Users\Ahmet Saygin VAROL\PycharmProjects\orders.db
2025-08-31 07:42:31,892 - INFO - DB init done.
2025-08-31 07:42:32,033 - INFO - Database path set to: C:\Users\Ahmet Saygin VAROL\PycharmProjects\orders.db
2025-08-31 07:42:32,176 - INFO - package: mysql.connector.plugins
2025-08-31 07:42:32,176 - INFO - plugin_name: mysql_native_password
2025-08-31 07:42:32,177 - INFO - AUTHENTICATION_PLUGIN_CLASS: MySQLNativePasswordAuthPlugin
2025-08-31 07:42:32,177 - INFO - package: mysql.connector.plugins
2025-08-31 07:42:32,177 - INFO - plugin_name: caching_sha2_password
2025-08-31 07:42:32,177 - INFO - AUTHENTICATION_PLUGIN_CLASS: MySQLCachingSHA2PasswordAuthPlugin
2025-08-31 07:42:36,476 - INFO - Manager 'AHMET' logged in.
2025-08-31 07:42:37,181 - INFO - [StandingCarry] None to carry for venue=2, voyage=SU533, date=2025-08-31.
2025-08-31 07:42:38,152 - INFO - Loaded 9 allergies
2025-08-31 07:42:38,152 - INFO - Populated allergy combobox with 9 items
2025-08-31 07:50:39,282 - INFO - Database path set to: C:\Users\Ahmet Saygin VAROL\PycharmProjects\orders.db
2025-08-31 07:50:39,284 - INFO - DB init done.
2025-08-31 07:50:39,422 - INFO - Database path set to: C:\Users\Ahmet Saygin VAROL\PycharmProjects\orders.db
2025-08-31 07:50:39,558 - INFO - package: mysql.connector.plugins
2025-08-31 07:50:39,558 - INFO - plugin_name: mysql_native_password
2025-08-31 07:50:39,558 - INFO - AUTHENTICATION_PLUGIN_CLASS: MySQLNativePasswordAuthPlugin
2025-08-31 07:50:39,559 - INFO - package: mysql.connector.plugins
2025-08-31 07:50:39,559 - INFO - plugin_name: caching_sha2_password
2025-08-31 07:50:39,559 - INFO - AUTHENTICATION_PLUGIN_CLASS: MySQLCachingSHA2PasswordAuthPlugin
2025-08-31 07:50:43,262 - INFO - Manager 'AHMET' logged in.
2025-08-31 07:50:44,678 - INFO - [StandingCarry] None to carry for venue=2, voyage=SU533, date=2025-08-31.
2025-08-31 07:50:45,900 - INFO - Loaded 9 allergies
2025-08-31 07:50:45,900 - INFO - Populated allergy combobox with 9 items
2025-08-31 07:52:32,240 - INFO - [StandingCarry] None to carry for venue=3, voyage=SU533, date=2025-08-31.
2025-08-31 07:52:33,475 - INFO - Loaded 9 allergies
2025-08-31 07:52:33,475 - INFO - Populated allergy combobox with 9 items
2025-08-31 08:50:22,008 - INFO - Database path set to: C:\Users\Ahmet Saygin VAROL\PycharmProjects\orders.db
2025-08-31 08:50:22,009 - INFO - DB init done.
2025-08-31 08:50:22,151 - INFO - Database path set to: C:\Users\Ahmet Saygin VAROL\PycharmProjects\orders.db
2025-08-31 08:50:22,297 - INFO - package: mysql.connector.plugins
2025-08-31 08:50:22,297 - INFO - plugin_name: mysql_native_password
2025-08-31 08:50:22,299 - INFO - AUTHENTICATION_PLUGIN_CLASS: MySQLNativePasswordAuthPlugin
2025-08-31 08:50:22,299 - INFO - package: mysql.connector.plugins
2025-08-31 08:50:22,300 - INFO - plugin_name: caching_sha2_password
2025-08-31 08:50:22,300 - INFO - AUTHENTICATION_PLUGIN_CLASS: MySQLCachingSHA2PasswordAuthPlugin
2025-08-31 08:50:26,307 - INFO - Manager 'AHMET' logged in.
2025-08-31 08:50:27,511 - INFO - [StandingCarry] None to carry for venue=2, voyage=SU533, date=2025-08-31.
2025-08-31 08:50:28,750 - INFO - Loaded 9 allergies
2025-08-31 08:50:28,750 - INFO - Populated allergy combobox with 9 items
2025-08-31 08:50:40,460 - INFO - Database path set to: C:\Users\Ahmet Saygin VAROL\PycharmProjects\orders.db
2025-08-31 08:50:40,461 - INFO - DB init done.
2025-08-31 08:50:40,583 - INFO - Database path set to: C:\Users\Ahmet Saygin VAROL\PycharmProjects\orders.db
2025-08-31 08:50:40,612 - WARNING - No current_voyage_id found in app_config. Ask Admin to set Voyage.
2025-08-31 08:50:44,318 - ERROR - Error verifying user 'AHMET': tuple indices must be integers or slices, not str
2025-08-31 08:50:44,319 - WARNING - Failed login attempt for AHMET.
2025-08-31 08:50:47,990 - ERROR - Error verifying user 'AHMET': tuple indices must be integers or slices, not str
2025-08-31 08:50:47,990 - WARNING - Failed login attempt for AHMET.
2025-08-31 08:50:51,622 - ERROR - Error verifying user 'AHMET': tuple indices must be integers or slices, not str
2025-08-31 08:50:51,622 - WARNING - Failed login attempt for AHMET.
2025-08-31 08:50:58,290 - ERROR - Error verifying user 'CHEF': tuple indices must be integers or slices, not str
2025-08-31 08:50:58,290 - WARNING - Failed login attempt for CHEF.
2025-08-31 08:51:21,533 - INFO - Database path set to: C:\Users\Ahmet Saygin VAROL\PycharmProjects\orders.db
2025-08-31 08:51:21,534 - INFO - DB init done.
2025-08-31 08:51:21,648 - INFO - Database path set to: C:\Users\Ahmet Saygin VAROL\PycharmProjects\orders.db
2025-08-31 08:51:21,656 - WARNING - No current_voyage_id found in app_config. Ask Admin to set Voyage.
2025-08-31 08:51:25,365 - ERROR - Error verifying user 'ADMIN': tuple indices must be integers or slices, not str
2025-08-31 08:51:25,366 - WARNING - Failed login attempt for ADMIN.
2025-08-31 08:51:28,027 - ERROR - Error verifying user 'ADMIN': tuple indices must be integers or slices, not str
2025-08-31 08:51:28,027 - WARNING - Failed login attempt for ADMIN.
2025-08-31 08:52:01,511 - INFO - Database path set to: C:\Users\Ahmet Saygin VAROL\PycharmProjects\orders.db
2025-08-31 08:52:01,512 - INFO - DB init done.
2025-08-31 08:52:01,634 - INFO - Database path set to: C:\Users\Ahmet Saygin VAROL\PycharmProjects\orders.db
2025-08-31 08:52:01,644 - WARNING - No current_voyage_id found in app_config. Ask Admin to set Voyage.
2025-08-31 08:52:11,094 - ERROR - Error verifying user 'AHMET': tuple indices must be integers or slices, not str
2025-08-31 08:52:11,094 - WARNING - Failed login attempt for AHMET.
2025-08-31 08:58:27,619 - INFO - Database path set to: C:\Users\Ahmet Saygin VAROL\PycharmProjects\orders.db
2025-08-31 08:58:27,620 - INFO - DB init done.
2025-08-31 08:58:27,744 - INFO - Database path set to: C:\Users\Ahmet Saygin VAROL\PycharmProjects\orders.db
2025-08-31 08:58:27,747 - INFO - DB backend=sqlite path=C:\Users\Ahmet Saygin VAROL\PycharmProjects\SafeBite Hybrid\orders.db
2025-08-31 08:58:27,750 - INFO - DB backend=sqlite path=C:\Users\Ahmet Saygin VAROL\PycharmProjects\SafeBite Hybrid\orders.db
2025-08-31 08:58:27,752 - INFO - DB backend=sqlite path=C:\Users\Ahmet Saygin VAROL\PycharmProjects\SafeBite Hybrid\orders.db
2025-08-31 08:58:27,753 - WARNING - No current_voyage_id found in app_config. Ask Admin to set Voyage.
2025-08-31 08:58:27,755 - INFO - DB backend=sqlite path=C:\Users\Ahmet Saygin VAROL\PycharmProjects\SafeBite Hybrid\orders.db
2025-08-31 08:58:31,030 - INFO - DB backend=sqlite path=C:\Users\Ahmet Saygin VAROL\PycharmProjects\SafeBite Hybrid\orders.db
2025-08-31 08:58:31,031 - ERROR - Error verifying user 'AHMET': tuple indices must be integers or slices, not str
2025-08-31 08:58:31,031 - WARNING - Failed login attempt for AHMET.
2025-08-31 09:01:06,826 - INFO - Database path set to: C:\Users\Ahmet Saygin VAROL\PycharmProjects\orders.db
2025-08-31 09:01:06,827 - INFO - DB init done.
2025-08-31 09:01:06,944 - INFO - Database path set to: C:\Users\Ahmet Saygin VAROL\PycharmProjects\orders.db
2025-08-31 09:01:29,913 - INFO - Database path set to: C:\Users\Ahmet Saygin VAROL\PycharmProjects\orders.db
2025-08-31 09:01:29,914 - INFO - DB init done.
2025-08-31 09:01:30,031 - INFO - Database path set to: C:\Users\Ahmet Saygin VAROL\PycharmProjects\orders.db
2025-08-31 09:01:30,034 - INFO - DB backend=sqlite path=C:\Users\Ahmet Saygin VAROL\PycharmProjects\SafeBite Hybrid\orders.db
2025-08-31 09:01:30,037 - INFO - DB backend=sqlite path=C:\Users\Ahmet Saygin VAROL\PycharmProjects\SafeBite Hybrid\orders.db
2025-08-31 09:01:30,039 - INFO - DB backend=sqlite path=C:\Users\Ahmet Saygin VAROL\PycharmProjects\SafeBite Hybrid\orders.db
2025-08-31 09:01:30,041 - INFO - DB backend=sqlite path=C:\Users\Ahmet Saygin VAROL\PycharmProjects\SafeBite Hybrid\orders.db
2025-08-31 09:01:33,358 - INFO - DB backend=sqlite path=C:\Users\Ahmet Saygin VAROL\PycharmProjects\SafeBite Hybrid\orders.db
2025-08-31 09:01:33,574 - INFO - Manager 'AHMET' logged in.
2025-08-31 09:01:34,352 - INFO - DB backend=sqlite path=C:\Users\Ahmet Saygin VAROL\PycharmProjects\SafeBite Hybrid\orders.db
2025-08-31 09:01:35,035 - INFO - DB backend=sqlite path=C:\Users\Ahmet Saygin VAROL\PycharmProjects\SafeBite Hybrid\orders.db
2025-08-31 09:01:35,036 - INFO - DB backend=sqlite path=C:\Users\Ahmet Saygin VAROL\PycharmProjects\SafeBite Hybrid\orders.db
2025-08-31 09:02:01,548 - INFO - DB backend=sqlite path=C:\Users\Ahmet Saygin VAROL\PycharmProjects\SafeBite Hybrid\orders.db
2025-08-31 09:02:01,562 - WARNING - [StandingCarry] Failed to set last-run key: 'DatabaseManager' object has no attribute 'set_config_value'
2025-08-31 09:02:02,865 - INFO - DB backend=sqlite path=C:\Users\Ahmet Saygin VAROL\PycharmProjects\SafeBite Hybrid\orders.db
2025-08-31 09:02:02,876 - INFO - DB backend=sqlite path=C:\Users\Ahmet Saygin VAROL\PycharmProjects\SafeBite Hybrid\orders.db
2025-08-31 09:02:03,034 - INFO - DB backend=sqlite path=C:\Users\Ahmet Saygin VAROL\PycharmProjects\SafeBite Hybrid\orders.db
2025-08-31 09:02:03,035 - INFO - DB backend=sqlite path=C:\Users\Ahmet Saygin VAROL\PycharmProjects\SafeBite Hybrid\orders.db
2025-08-31 09:02:03,038 - INFO - DB backend=sqlite path=C:\Users\Ahmet Saygin VAROL\PycharmProjects\SafeBite Hybrid\orders.db
2025-08-31 09:02:03,039 - INFO - DB backend=sqlite path=C:\Users\Ahmet Saygin VAROL\PycharmProjects\SafeBite Hybrid\orders.db
2025-08-31 09:02:03,041 - INFO - Loaded 10 allergies
2025-08-31 09:02:03,041 - INFO - Populated allergy combobox with 10 items
2025-08-31 09:03:02,864 - INFO - DB backend=sqlite path=C:\Users\Ahmet Saygin VAROL\PycharmProjects\SafeBite Hybrid\orders.db
2025-08-31 09:03:02,866 - INFO - DB backend=sqlite path=C:\Users\Ahmet Saygin VAROL\PycharmProjects\SafeBite Hybrid\orders.db
2025-09-01 01:08:02,946 - INFO - Database path set to: C:\Users\Ahmet Saygin VAROL\PycharmProjects\orders.db
2025-09-01 01:08:02,955 - INFO - DB init done.
2025-09-01 01:08:03,150 - INFO - Database path set to: C:\Users\Ahmet Saygin VAROL\PycharmProjects\orders.db
2025-09-01 01:08:03,153 - INFO - DB backend=sqlite path=C:\Users\Ahmet Saygin VAROL\PycharmProjects\SafeBite Hybrid\orders.db
2025-09-01 01:08:03,159 - INFO - DB backend=sqlite path=C:\Users\Ahmet Saygin VAROL\PycharmProjects\SafeBite Hybrid\orders.db
2025-09-01 01:08:03,162 - INFO - DB backend=sqlite path=C:\Users\Ahmet Saygin VAROL\PycharmProjects\SafeBite Hybrid\orders.db
2025-09-01 01:08:03,165 - INFO - DB backend=sqlite path=C:\Users\Ahmet Saygin VAROL\PycharmProjects\SafeBite Hybrid\orders.db
2025-09-01 01:08:07,094 - INFO - DB backend=sqlite path=C:\Users\Ahmet Saygin VAROL\PycharmProjects\SafeBite Hybrid\orders.db
2025-09-01 01:08:07,311 - INFO - Manager 'AHMET' logged in.
2025-09-01 01:08:07,727 - INFO - DB backend=sqlite path=C:\Users\Ahmet Saygin VAROL\PycharmProjects\SafeBite Hybrid\orders.db
2025-09-01 01:08:08,392 - INFO - DB backend=sqlite path=C:\Users\Ahmet Saygin VAROL\PycharmProjects\SafeBite Hybrid\orders.db
2025-09-01 01:08:08,393 - INFO - [StandingCarry] Already carried for venue=1, voyage=SU532, date=2025-08-31.
2025-09-01 01:08:08,487 - INFO - DB backend=sqlite path=C:\Users\Ahmet Saygin VAROL\PycharmProjects\SafeBite Hybrid\orders.db
2025-09-01 01:08:08,502 - INFO - DB backend=sqlite path=C:\Users\Ahmet Saygin VAROL\PycharmProjects\SafeBite Hybrid\orders.db
2025-09-01 01:08:08,731 - INFO - DB backend=sqlite path=C:\Users\Ahmet Saygin VAROL\PycharmProjects\SafeBite Hybrid\orders.db
2025-09-01 01:08:08,733 - INFO - DB backend=sqlite path=C:\Users\Ahmet Saygin VAROL\PycharmProjects\SafeBite Hybrid\orders.db
2025-09-01 01:08:08,735 - INFO - DB backend=sqlite path=C:\Users\Ahmet Saygin VAROL\PycharmProjects\SafeBite Hybrid\orders.db
2025-09-01 01:08:08,737 - INFO - DB backend=sqlite path=C:\Users\Ahmet Saygin VAROL\PycharmProjects\SafeBite Hybrid\orders.db
2025-09-01 01:08:08,738 - INFO - Loaded 10 allergies
2025-09-01 01:08:08,738 - INFO - Populated allergy combobox with 10 items
2025-09-01 01:09:04,575 - INFO - Database path set to: C:\Users\Ahmet Saygin VAROL\PycharmProjects\orders.db
2025-09-01 01:09:04,576 - INFO - DB init done.
2025-09-01 01:09:04,723 - INFO - Database path set to: C:\Users\Ahmet Saygin VAROL\PycharmProjects\orders.db
2025-09-01 01:09:04,725 - INFO - DB backend=sqlite path=C:\Users\Ahmet Saygin VAROL\PycharmProjects\SafeBite Hybrid\orders.db
2025-09-01 01:09:04,728 - INFO - DB backend=sqlite path=C:\Users\Ahmet Saygin VAROL\PycharmProjects\SafeBite Hybrid\orders.db
2025-09-01 01:09:04,731 - INFO - DB backend=sqlite path=C:\Users\Ahmet Saygin VAROL\PycharmProjects\SafeBite Hybrid\orders.db
2025-09-01 01:09:04,733 - INFO - DB backend=sqlite path=C:\Users\Ahmet Saygin VAROL\PycharmProjects\SafeBite Hybrid\orders.db
2025-09-01 01:09:08,026 - INFO - DB backend=sqlite path=C:\Users\Ahmet Saygin VAROL\PycharmProjects\SafeBite Hybrid\orders.db
2025-09-01 01:09:08,242 - INFO - Manager 'TEST' logged in.
2025-09-01 01:09:08,595 - INFO - DB backend=sqlite path=C:\Users\Ahmet Saygin VAROL\PycharmProjects\SafeBite Hybrid\orders.db
2025-09-01 01:09:08,967 - INFO - DB backend=sqlite path=C:\Users\Ahmet Saygin VAROL\PycharmProjects\SafeBite Hybrid\orders.db
2025-09-01 01:09:08,968 - INFO - [StandingCarry] Already carried for venue=1, voyage=SU532, date=2025-08-31.
2025-09-01 01:09:09,037 - INFO - DB backend=sqlite path=C:\Users\Ahmet Saygin VAROL\PycharmProjects\SafeBite Hybrid\orders.db
2025-09-01 01:09:09,047 - INFO - DB backend=sqlite path=C:\Users\Ahmet Saygin VAROL\PycharmProjects\SafeBite Hybrid\orders.db
2025-09-01 01:09:09,235 - INFO - DB backend=sqlite path=C:\Users\Ahmet Saygin VAROL\PycharmProjects\SafeBite Hybrid\orders.db
2025-09-01 01:09:09,237 - INFO - DB backend=sqlite path=C:\Users\Ahmet Saygin VAROL\PycharmProjects\SafeBite Hybrid\orders.db
2025-09-01 01:09:09,239 - INFO - DB backend=sqlite path=C:\Users\Ahmet Saygin VAROL\PycharmProjects\SafeBite Hybrid\orders.db
2025-09-01 01:09:09,241 - INFO - DB backend=sqlite path=C:\Users\Ahmet Saygin VAROL\PycharmProjects\SafeBite Hybrid\orders.db
2025-09-01 01:09:09,241 - INFO - Loaded 10 allergies
2025-09-01 01:09:09,242 - INFO - Populated allergy combobox with 10 items
2025-09-01 01:09:14,109 - INFO - DB backend=sqlite path=C:\Users\Ahmet Saygin VAROL\PycharmProjects\SafeBite Hybrid\orders.db
2025-09-01 01:09:23,999 - INFO - DB backend=sqlite path=C:\Users\Ahmet Saygin VAROL\PycharmProjects\SafeBite Hybrid\orders.db
2025-09-01 01:09:45,428 - INFO - DB backend=sqlite path=C:\Users\Ahmet Saygin VAROL\PycharmProjects\SafeBite Hybrid\orders.db
2025-09-01 01:09:58,501 - INFO - DB backend=sqlite path=C:\Users\Ahmet Saygin VAROL\PycharmProjects\SafeBite Hybrid\orders.db
2025-09-01 01:09:59,182 - INFO - DB backend=sqlite path=C:\Users\Ahmet Saygin VAROL\PycharmProjects\SafeBite Hybrid\orders.db
2025-09-01 01:10:05,122 - INFO - DB backend=sqlite path=C:\Users\Ahmet Saygin VAROL\PycharmProjects\SafeBite Hybrid\orders.db
2025-09-01 01:10:05,137 - INFO - DB backend=sqlite path=C:\Users\Ahmet Saygin VAROL\PycharmProjects\SafeBite Hybrid\orders.db
2025-09-01 01:10:05,200 - INFO - DB backend=sqlite path=C:\Users\Ahmet Saygin VAROL\PycharmProjects\SafeBite Hybrid\orders.db
2025-09-01 01:10:05,200 - INFO - DB backend=sqlite path=C:\Users\Ahmet Saygin VAROL\PycharmProjects\SafeBite Hybrid\orders.db
2025-09-01 01:10:08,382 - INFO - DB backend=sqlite path=C:\Users\Ahmet Saygin VAROL\PycharmProjects\SafeBite Hybrid\orders.db
2025-09-01 01:10:08,422 - INFO - DB backend=sqlite path=C:\Users\Ahmet Saygin VAROL\PycharmProjects\SafeBite Hybrid\orders.db
2025-09-01 01:10:09,032 - INFO - DB backend=sqlite path=C:\Users\Ahmet Saygin VAROL\PycharmProjects\SafeBite Hybrid\orders.db
2025-09-01 01:10:09,032 - INFO - DB backend=sqlite path=C:\Users\Ahmet Saygin VAROL\PycharmProjects\SafeBite Hybrid\orders.db
2025-09-01 01:10:13,048 - INFO - DB backend=sqlite path=C:\Users\Ahmet Saygin VAROL\PycharmProjects\SafeBite Hybrid\orders.db
2025-09-01 01:14:02,797 - INFO - Database path set to: C:\Users\Ahmet Saygin VAROL\PycharmProjects\orders.db
2025-09-01 01:14:02,799 - INFO - DB init done.
2025-09-01 01:14:02,970 - INFO - Database path set to: C:\Users\Ahmet Saygin VAROL\PycharmProjects\orders.db
2025-09-01 01:14:02,973 - INFO - DB backend=sqlite path=C:\Users\Ahmet Saygin VAROL\PycharmProjects\SafeBite Hybrid\orders.db
2025-09-01 01:14:02,977 - INFO - DB backend=sqlite path=C:\Users\Ahmet Saygin VAROL\PycharmProjects\SafeBite Hybrid\orders.db
2025-09-01 01:14:02,980 - INFO - DB backend=sqlite path=C:\Users\Ahmet Saygin VAROL\PycharmProjects\SafeBite Hybrid\orders.db
2025-09-01 01:14:02,983 - INFO - DB backend=sqlite path=C:\Users\Ahmet Saygin VAROL\PycharmProjects\SafeBite Hybrid\orders.db
2025-09-01 01:14:06,313 - INFO - DB backend=sqlite path=C:\Users\Ahmet Saygin VAROL\PycharmProjects\SafeBite Hybrid\orders.db
2025-09-01 01:14:06,529 - INFO - Manager 'TEST' logged in.
2025-09-01 01:14:06,917 - INFO - DB backend=sqlite path=C:\Users\Ahmet Saygin VAROL\PycharmProjects\SafeBite Hybrid\orders.db
2025-09-01 01:14:07,291 - INFO - DB backend=sqlite path=C:\Users\Ahmet Saygin VAROL\PycharmProjects\SafeBite Hybrid\orders.db
2025-09-01 01:14:07,292 - INFO - [StandingCarry] Already carried for venue=1, voyage=SU532, date=2025-08-31.
2025-09-01 01:14:07,367 - INFO - DB backend=sqlite path=C:\Users\Ahmet Saygin VAROL\PycharmProjects\SafeBite Hybrid\orders.db
2025-09-01 01:14:07,377 - INFO - DB backend=sqlite path=C:\Users\Ahmet Saygin VAROL\PycharmProjects\SafeBite Hybrid\orders.db
2025-09-01 01:14:07,571 - INFO - DB backend=sqlite path=C:\Users\Ahmet Saygin VAROL\PycharmProjects\SafeBite Hybrid\orders.db
2025-09-01 01:14:07,574 - INFO - DB backend=sqlite path=C:\Users\Ahmet Saygin VAROL\PycharmProjects\SafeBite Hybrid\orders.db
2025-09-01 01:14:07,575 - INFO - DB backend=sqlite path=C:\Users\Ahmet Saygin VAROL\PycharmProjects\SafeBite Hybrid\orders.db
2025-09-01 01:14:07,577 - INFO - DB backend=sqlite path=C:\Users\Ahmet Saygin VAROL\PycharmProjects\SafeBite Hybrid\orders.db
2025-09-01 01:14:07,578 - INFO - Loaded 10 allergies
2025-09-01 01:14:07,578 - INFO - Populated allergy combobox with 10 items
2025-09-01 01:14:25,236 - INFO - DB backend=sqlite path=C:\Users\Ahmet Saygin VAROL\PycharmProjects\SafeBite Hybrid\orders.db
2025-09-01 01:14:25,236 - INFO - DB backend=sqlite path=C:\Users\Ahmet Saygin VAROL\PycharmProjects\SafeBite Hybrid\orders.db
2025-09-01 01:14:25,268 - INFO - DB backend=sqlite path=C:\Users\Ahmet Saygin VAROL\PycharmProjects\SafeBite Hybrid\orders.db
2025-09-01 01:14:25,268 - INFO - DB backend=sqlite path=C:\Users\Ahmet Saygin VAROL\PycharmProjects\SafeBite Hybrid\orders.db
2025-09-01 01:14:45,907 - INFO - DB backend=sqlite path=C:\Users\Ahmet Saygin VAROL\PycharmProjects\SafeBite Hybrid\orders.db
2025-09-01 01:14:46,340 - INFO - DB backend=sqlite path=C:\Users\Ahmet Saygin VAROL\PycharmProjects\SafeBite Hybrid\orders.db
2025-09-01 01:14:47,764 - INFO - DB backend=sqlite path=C:\Users\Ahmet Saygin VAROL\PycharmProjects\SafeBite Hybrid\orders.db
2025-09-01 01:14:47,764 - INFO - DB backend=sqlite path=C:\Users\Ahmet Saygin VAROL\PycharmProjects\SafeBite Hybrid\orders.db
2025-09-01 01:14:47,764 - INFO - DB backend=sqlite path=C:\Users\Ahmet Saygin VAROL\PycharmProjects\SafeBite Hybrid\orders.db
2025-09-01 01:15:07,366 - INFO - DB backend=sqlite path=C:\Users\Ahmet Saygin VAROL\PycharmProjects\SafeBite Hybrid\orders.db
2025-09-01 01:15:07,367 - INFO - DB backend=sqlite path=C:\Users\Ahmet Saygin VAROL\PycharmProjects\SafeBite Hybrid\orders.db
2025-09-01 01:15:36,162 - INFO - Database path set to: C:\Users\Ahmet Saygin VAROL\PycharmProjects\orders.db
2025-09-01 01:15:36,163 - INFO - DB init done.
2025-09-01 01:15:36,359 - INFO - Database path set to: C:\Users\Ahmet Saygin VAROL\PycharmProjects\orders.db
2025-09-01 01:15:36,361 - INFO - DB backend=sqlite path=C:\Users\Ahmet Saygin VAROL\PycharmProjects\SafeBite Hybrid\orders.db
2025-09-01 01:15:36,364 - INFO - DB backend=sqlite path=C:\Users\Ahmet Saygin VAROL\PycharmProjects\SafeBite Hybrid\orders.db
2025-09-01 01:15:36,367 - INFO - DB backend=sqlite path=C:\Users\Ahmet Saygin VAROL\PycharmProjects\SafeBite Hybrid\orders.db
2025-09-01 01:15:36,370 - INFO - DB backend=sqlite path=C:\Users\Ahmet Saygin VAROL\PycharmProjects\SafeBite Hybrid\orders.db
2025-09-01 01:15:40,855 - INFO - DB backend=sqlite path=C:\Users\Ahmet Saygin VAROL\PycharmProjects\SafeBite Hybrid\orders.db
2025-09-01 01:15:41,071 - INFO - Manager 'AHMET' logged in.
2025-09-01 01:15:41,391 - INFO - DB backend=sqlite path=C:\Users\Ahmet Saygin VAROL\PycharmProjects\SafeBite Hybrid\orders.db
2025-09-01 01:15:41,834 - INFO - DB backend=sqlite path=C:\Users\Ahmet Saygin VAROL\PycharmProjects\SafeBite Hybrid\orders.db
2025-09-01 01:15:41,834 - INFO - [StandingCarry] Already carried for venue=1, voyage=SU532, date=2025-08-31.
2025-09-01 01:15:41,917 - INFO - DB backend=sqlite path=C:\Users\Ahmet Saygin VAROL\PycharmProjects\SafeBite Hybrid\orders.db
2025-09-01 01:15:41,928 - INFO - DB backend=sqlite path=C:\Users\Ahmet Saygin VAROL\PycharmProjects\SafeBite Hybrid\orders.db
2025-09-01 01:15:42,123 - INFO - DB backend=sqlite path=C:\Users\Ahmet Saygin VAROL\PycharmProjects\SafeBite Hybrid\orders.db
2025-09-01 01:15:42,126 - INFO - DB backend=sqlite path=C:\Users\Ahmet Saygin VAROL\PycharmProjects\SafeBite Hybrid\orders.db
2025-09-01 01:15:42,130 - INFO - DB backend=sqlite path=C:\Users\Ahmet Saygin VAROL\PycharmProjects\SafeBite Hybrid\orders.db
2025-09-01 01:15:42,132 - INFO - DB backend=sqlite path=C:\Users\Ahmet Saygin VAROL\PycharmProjects\SafeBite Hybrid\orders.db
2025-09-01 01:15:42,133 - INFO - Loaded 10 allergies
2025-09-01 01:15:42,133 - INFO - Populated allergy combobox with 10 items
2025-09-01 01:15:44,439 - INFO - DB backend=sqlite path=C:\Users\Ahmet Saygin VAROL\PycharmProjects\SafeBite Hybrid\orders.db
2025-09-01 01:15:44,874 - INFO - DB backend=sqlite path=C:\Users\Ahmet Saygin VAROL\PycharmProjects\SafeBite Hybrid\orders.db
2025-09-01 01:15:46,196 - INFO - DB backend=sqlite path=C:\Users\Ahmet Saygin VAROL\PycharmProjects\SafeBite Hybrid\orders.db
2025-09-01 01:15:46,197 - INFO - DB backend=sqlite path=C:\Users\Ahmet Saygin VAROL\PycharmProjects\SafeBite Hybrid\orders.db
2025-09-01 01:15:58,125 - INFO - Database path set to: C:\Users\Ahmet Saygin VAROL\PycharmProjects\orders.db
2025-09-01 01:15:58,126 - INFO - DB init done.
2025-09-01 01:15:58,294 - INFO - Database path set to: C:\Users\Ahmet Saygin VAROL\PycharmProjects\orders.db
2025-09-01 01:15:58,296 - INFO - DB backend=sqlite path=C:\Users\Ahmet Saygin VAROL\PycharmProjects\SafeBite Hybrid\orders.db
2025-09-01 01:15:58,299 - INFO - DB backend=sqlite path=C:\Users\Ahmet Saygin VAROL\PycharmProjects\SafeBite Hybrid\orders.db
2025-09-01 01:15:58,303 - INFO - DB backend=sqlite path=C:\Users\Ahmet Saygin VAROL\PycharmProjects\SafeBite Hybrid\orders.db
2025-09-01 01:15:58,305 - INFO - DB backend=sqlite path=C:\Users\Ahmet Saygin VAROL\PycharmProjects\SafeBite Hybrid\orders.db
2025-09-01 01:16:02,181 - INFO - DB backend=sqlite path=C:\Users\Ahmet Saygin VAROL\PycharmProjects\SafeBite Hybrid\orders.db
2025-09-01 01:16:02,396 - INFO - Manager 'AHMET' logged in.
2025-09-01 01:16:02,650 - INFO - DB backend=sqlite path=C:\Users\Ahmet Saygin VAROL\PycharmProjects\SafeBite Hybrid\orders.db
2025-09-01 01:16:02,968 - INFO - DB backend=sqlite path=C:\Users\Ahmet Saygin VAROL\PycharmProjects\SafeBite Hybrid\orders.db
2025-09-01 01:16:02,968 - INFO - [StandingCarry] Already carried for venue=1, voyage=SU532, date=2025-08-31.
2025-09-01 01:16:03,061 - INFO - DB backend=sqlite path=C:\Users\Ahmet Saygin VAROL\PycharmProjects\SafeBite Hybrid\orders.db
2025-09-01 01:16:03,074 - INFO - DB backend=sqlite path=C:\Users\Ahmet Saygin VAROL\PycharmProjects\SafeBite Hybrid\orders.db
2025-09-01 01:16:03,319 - INFO - DB backend=sqlite path=C:\Users\Ahmet Saygin VAROL\PycharmProjects\SafeBite Hybrid\orders.db
2025-09-01 01:16:03,322 - INFO - DB backend=sqlite path=C:\Users\Ahmet Saygin VAROL\PycharmProjects\SafeBite Hybrid\orders.db
2025-09-01 01:16:03,326 - INFO - DB backend=sqlite path=C:\Users\Ahmet Saygin VAROL\PycharmProjects\SafeBite Hybrid\orders.db
2025-09-01 01:16:03,328 - INFO - DB backend=sqlite path=C:\Users\Ahmet Saygin VAROL\PycharmProjects\SafeBite Hybrid\orders.db
2025-09-01 01:16:03,329 - INFO - Loaded 10 allergies
2025-09-01 01:16:03,329 - INFO - Populated allergy combobox with 10 items
2025-09-01 01:16:06,247 - INFO - DB backend=sqlite path=C:\Users\Ahmet Saygin VAROL\PycharmProjects\SafeBite Hybrid\orders.db
2025-09-01 01:16:06,648 - INFO - DB backend=sqlite path=C:\Users\Ahmet Saygin VAROL\PycharmProjects\SafeBite Hybrid\orders.db
2025-09-01 01:16:07,823 - INFO - DB backend=sqlite path=C:\Users\Ahmet Saygin VAROL\PycharmProjects\SafeBite Hybrid\orders.db
2025-09-01 01:16:07,825 - INFO - DB backend=sqlite path=C:\Users\Ahmet Saygin VAROL\PycharmProjects\SafeBite Hybrid\orders.db
2025-09-01 01:16:07,827 - INFO - DB backend=sqlite path=C:\Users\Ahmet Saygin VAROL\PycharmProjects\SafeBite Hybrid\orders.db
2025-09-01 01:17:03,057 - INFO - DB backend=sqlite path=C:\Users\Ahmet Saygin VAROL\PycharmProjects\SafeBite Hybrid\orders.db
2025-09-01 01:17:03,063 - INFO - DB backend=sqlite path=C:\Users\Ahmet Saygin VAROL\PycharmProjects\SafeBite Hybrid\orders.db
2025-09-01 01:25:23,963 - INFO - Database path set to: C:\Users\Ahmet Saygin VAROL\PycharmProjects\orders.db
2025-09-01 01:25:23,964 - INFO - DB init done.
2025-09-01 01:25:24,137 - INFO - Database path set to: C:\Users\Ahmet Saygin VAROL\PycharmProjects\orders.db
2025-09-01 01:25:24,142 - INFO - DB backend=sqlite path=C:\Users\Ahmet Saygin VAROL\PycharmProjects\SafeBite Hybrid\orders.db
2025-09-01 01:25:24,146 - INFO - DB backend=sqlite path=C:\Users\Ahmet Saygin VAROL\PycharmProjects\SafeBite Hybrid\orders.db
2025-09-01 01:25:24,150 - INFO - DB backend=sqlite path=C:\Users\Ahmet Saygin VAROL\PycharmProjects\SafeBite Hybrid\orders.db
2025-09-01 01:25:24,153 - INFO - DB backend=sqlite path=C:\Users\Ahmet Saygin VAROL\PycharmProjects\SafeBite Hybrid\orders.db
2025-09-01 01:25:28,290 - INFO - DB backend=sqlite path=C:\Users\Ahmet Saygin VAROL\PycharmProjects\SafeBite Hybrid\orders.db
2025-09-01 01:25:28,505 - INFO - Manager 'AHMET' logged in.
2025-09-01 01:25:28,840 - INFO - DB backend=sqlite path=C:\Users\Ahmet Saygin VAROL\PycharmProjects\SafeBite Hybrid\orders.db
2025-09-01 01:25:29,206 - INFO - DB backend=sqlite path=C:\Users\Ahmet Saygin VAROL\PycharmProjects\SafeBite Hybrid\orders.db
2025-09-01 01:25:29,206 - INFO - [StandingCarry] Already carried for venue=1, voyage=SU532, date=2025-08-31.
2025-09-01 01:25:29,287 - INFO - DB backend=sqlite path=C:\Users\Ahmet Saygin VAROL\PycharmProjects\SafeBite Hybrid\orders.db
2025-09-01 01:25:29,298 - INFO - DB backend=sqlite path=C:\Users\Ahmet Saygin VAROL\PycharmProjects\SafeBite Hybrid\orders.db
2025-09-01 01:25:29,490 - INFO - DB backend=sqlite path=C:\Users\Ahmet Saygin VAROL\PycharmProjects\SafeBite Hybrid\orders.db
2025-09-01 01:25:29,493 - INFO - DB backend=sqlite path=C:\Users\Ahmet Saygin VAROL\PycharmProjects\SafeBite Hybrid\orders.db
2025-09-01 01:25:29,496 - INFO - DB backend=sqlite path=C:\Users\Ahmet Saygin VAROL\PycharmProjects\SafeBite Hybrid\orders.db
2025-09-01 01:25:29,498 - INFO - DB backend=sqlite path=C:\Users\Ahmet Saygin VAROL\PycharmProjects\SafeBite Hybrid\orders.db
2025-09-01 01:25:29,499 - INFO - Loaded 10 allergies
2025-09-01 01:25:29,499 - INFO - Populated allergy combobox with 9 items
2025-09-01 01:26:00,636 - INFO - Database path set to: C:\Users\Ahmet Saygin VAROL\PycharmProjects\orders.db
2025-09-01 01:26:00,637 - INFO - DB init done.
2025-09-01 01:26:00,877 - INFO - Database path set to: C:\Users\Ahmet Saygin VAROL\PycharmProjects\orders.db
2025-09-01 01:26:00,880 - INFO - DB backend=sqlite path=C:\Users\Ahmet Saygin VAROL\PycharmProjects\SafeBite Hybrid\orders.db
2025-09-01 01:26:00,883 - INFO - DB backend=sqlite path=C:\Users\Ahmet Saygin VAROL\PycharmProjects\SafeBite Hybrid\orders.db
2025-09-01 01:26:00,885 - INFO - DB backend=sqlite path=C:\Users\Ahmet Saygin VAROL\PycharmProjects\SafeBite Hybrid\orders.db
2025-09-01 01:26:00,888 - INFO - DB backend=sqlite path=C:\Users\Ahmet Saygin VAROL\PycharmProjects\SafeBite Hybrid\orders.db
2025-09-01 01:26:03,806 - INFO - DB backend=sqlite path=C:\Users\Ahmet Saygin VAROL\PycharmProjects\SafeBite Hybrid\orders.db
2025-09-01 01:26:04,045 - INFO - Manager 'AHMET' logged in.
2025-09-01 01:26:04,318 - INFO - DB backend=sqlite path=C:\Users\Ahmet Saygin VAROL\PycharmProjects\SafeBite Hybrid\orders.db
2025-09-01 01:26:04,939 - INFO - DB backend=sqlite path=C:\Users\Ahmet Saygin VAROL\PycharmProjects\SafeBite Hybrid\orders.db
2025-09-01 01:26:04,940 - INFO - [StandingCarry] Already carried for venue=1, voyage=SU532, date=2025-08-31.
2025-09-01 01:26:05,008 - INFO - DB backend=sqlite path=C:\Users\Ahmet Saygin VAROL\PycharmProjects\SafeBite Hybrid\orders.db
2025-09-01 01:26:05,019 - INFO - DB backend=sqlite path=C:\Users\Ahmet Saygin VAROL\PycharmProjects\SafeBite Hybrid\orders.db
2025-09-01 01:26:05,204 - INFO - DB backend=sqlite path=C:\Users\Ahmet Saygin VAROL\PycharmProjects\SafeBite Hybrid\orders.db
2025-09-01 01:26:05,206 - INFO - DB backend=sqlite path=C:\Users\Ahmet Saygin VAROL\PycharmProjects\SafeBite Hybrid\orders.db
2025-09-01 01:26:05,208 - INFO - DB backend=sqlite path=C:\Users\Ahmet Saygin VAROL\PycharmProjects\SafeBite Hybrid\orders.db
2025-09-01 01:26:05,209 - INFO - DB backend=sqlite path=C:\Users\Ahmet Saygin VAROL\PycharmProjects\SafeBite Hybrid\orders.db
2025-09-01 01:26:05,211 - INFO - Loaded 10 allergies
2025-09-01 01:26:05,211 - INFO - Populated allergy combobox with 9 items
2025-09-01 01:26:10,166 - INFO - DB backend=sqlite path=C:\Users\Ahmet Saygin VAROL\PycharmProjects\SafeBite Hybrid\orders.db
2025-09-01 01:26:10,563 - INFO - DB backend=sqlite path=C:\Users\Ahmet Saygin VAROL\PycharmProjects\SafeBite Hybrid\orders.db
2025-09-01 01:26:11,628 - INFO - DB backend=sqlite path=C:\Users\Ahmet Saygin VAROL\PycharmProjects\SafeBite Hybrid\orders.db
2025-09-01 01:26:11,630 - INFO - DB backend=sqlite path=C:\Users\Ahmet Saygin VAROL\PycharmProjects\SafeBite Hybrid\orders.db
2025-09-01 01:26:14,489 - INFO - DB backend=sqlite path=C:\Users\Ahmet Saygin VAROL\PycharmProjects\SafeBite Hybrid\orders.db
2025-09-01 01:26:14,552 - INFO - DB backend=sqlite path=C:\Users\Ahmet Saygin VAROL\PycharmProjects\SafeBite Hybrid\orders.db
2025-09-01 01:26:17,880 - INFO - DB backend=sqlite path=C:\Users\Ahmet Saygin VAROL\PycharmProjects\SafeBite Hybrid\orders.db
2025-09-01 01:26:24,086 - INFO - DB backend=sqlite path=C:\Users\Ahmet Saygin VAROL\PycharmProjects\SafeBite Hybrid\orders.db
2025-09-01 01:26:24,086 - INFO - DB backend=sqlite path=C:\Users\Ahmet Saygin VAROL\PycharmProjects\SafeBite Hybrid\orders.db
2025-09-01 01:26:24,102 - INFO - DB backend=sqlite path=C:\Users\Ahmet Saygin VAROL\PycharmProjects\SafeBite Hybrid\orders.db
2025-09-01 01:27:05,009 - INFO - DB backend=sqlite path=C:\Users\Ahmet Saygin VAROL\PycharmProjects\SafeBite Hybrid\orders.db
2025-09-01 01:27:05,012 - INFO - DB backend=sqlite path=C:\Users\Ahmet Saygin VAROL\PycharmProjects\SafeBite Hybrid\orders.db
2025-09-01 01:28:56,644 - INFO - Database path set to: C:\Users\Ahmet Saygin VAROL\PycharmProjects\orders.db
2025-09-01 01:28:56,646 - INFO - DB init done.
2025-09-01 01:28:56,795 - INFO - Database path set to: C:\Users\Ahmet Saygin VAROL\PycharmProjects\orders.db
2025-09-01 01:28:56,798 - INFO - DB backend=sqlite path=C:\Users\Ahmet Saygin VAROL\PycharmProjects\SafeBite Hybrid\orders.db
2025-09-01 01:28:56,801 - INFO - DB backend=sqlite path=C:\Users\Ahmet Saygin VAROL\PycharmProjects\SafeBite Hybrid\orders.db
2025-09-01 01:28:56,804 - INFO - DB backend=sqlite path=C:\Users\Ahmet Saygin VAROL\PycharmProjects\SafeBite Hybrid\orders.db
2025-09-01 01:28:56,806 - INFO - DB backend=sqlite path=C:\Users\Ahmet Saygin VAROL\PycharmProjects\SafeBite Hybrid\orders.db
2025-09-01 01:29:00,595 - INFO - DB backend=sqlite path=C:\Users\Ahmet Saygin VAROL\PycharmProjects\SafeBite Hybrid\orders.db
2025-09-01 01:29:00,810 - INFO - Manager 'AHMET' logged in.
2025-09-01 01:29:01,058 - INFO - DB backend=sqlite path=C:\Users\Ahmet Saygin VAROL\PycharmProjects\SafeBite Hybrid\orders.db
2025-09-01 01:29:01,322 - INFO - DB backend=sqlite path=C:\Users\Ahmet Saygin VAROL\PycharmProjects\SafeBite Hybrid\orders.db
2025-09-01 01:29:01,323 - INFO - [StandingCarry] Already carried for venue=1, voyage=SU532, date=2025-08-31.
2025-09-01 01:29:01,394 - INFO - DB backend=sqlite path=C:\Users\Ahmet Saygin VAROL\PycharmProjects\SafeBite Hybrid\orders.db
2025-09-01 01:29:01,406 - INFO - DB backend=sqlite path=C:\Users\Ahmet Saygin VAROL\PycharmProjects\SafeBite Hybrid\orders.db
2025-09-01 01:29:01,598 - INFO - DB backend=sqlite path=C:\Users\Ahmet Saygin VAROL\PycharmProjects\SafeBite Hybrid\orders.db
2025-09-01 01:29:01,600 - INFO - DB backend=sqlite path=C:\Users\Ahmet Saygin VAROL\PycharmProjects\SafeBite Hybrid\orders.db
2025-09-01 01:29:01,603 - INFO - DB backend=sqlite path=C:\Users\Ahmet Saygin VAROL\PycharmProjects\SafeBite Hybrid\orders.db
2025-09-01 01:29:01,606 - INFO - DB backend=sqlite path=C:\Users\Ahmet Saygin VAROL\PycharmProjects\SafeBite Hybrid\orders.db
2025-09-01 01:29:01,606 - INFO - Loaded 10 allergies
2025-09-01 01:29:01,606 - INFO - Populated allergy combobox with 9 items
2025-09-01 01:29:04,471 - INFO - DB backend=sqlite path=C:\Users\Ahmet Saygin VAROL\PycharmProjects\SafeBite Hybrid\orders.db
2025-09-01 01:29:04,898 - INFO - DB backend=sqlite path=C:\Users\Ahmet Saygin VAROL\PycharmProjects\SafeBite Hybrid\orders.db
2025-09-01 01:29:06,555 - INFO - DB backend=sqlite path=C:\Users\Ahmet Saygin VAROL\PycharmProjects\SafeBite Hybrid\orders.db
2025-09-01 01:29:06,557 - INFO - DB backend=sqlite path=C:\Users\Ahmet Saygin VAROL\PycharmProjects\SafeBite Hybrid\orders.db
2025-09-01 01:29:06,559 - INFO - DB backend=sqlite path=C:\Users\Ahmet Saygin VAROL\PycharmProjects\SafeBite Hybrid\orders.db
2025-09-01 01:29:08,453 - INFO - DB backend=sqlite path=C:\Users\Ahmet Saygin VAROL\PycharmProjects\SafeBite Hybrid\orders.db
2025-09-01 01:29:08,455 - INFO - DB backend=sqlite path=C:\Users\Ahmet Saygin VAROL\PycharmProjects\SafeBite Hybrid\orders.db
2025-09-01 01:29:08,457 - INFO - DB backend=sqlite path=C:\Users\Ahmet Saygin VAROL\PycharmProjects\SafeBite Hybrid\orders.db
2025-09-01 01:30:01,393 - INFO - DB backend=sqlite path=C:\Users\Ahmet Saygin VAROL\PycharmProjects\SafeBite Hybrid\orders.db
2025-09-01 01:30:01,395 - INFO - DB backend=sqlite path=C:\Users\Ahmet Saygin VAROL\PycharmProjects\SafeBite Hybrid\orders.db
2025-09-01 01:34:51,130 - INFO - Database path set to: C:\Users\Ahmet Saygin VAROL\PycharmProjects\orders.db
2025-09-01 01:34:51,135 - INFO - DB init done.
2025-09-01 01:34:51,589 - INFO - Database path set to: C:\Users\Ahmet Saygin VAROL\PycharmProjects\orders.db
2025-09-01 01:34:51,608 - INFO - DB backend=sqlite path=C:\Users\Ahmet Saygin VAROL\PycharmProjects\SafeBite Hybrid\orders.db
2025-09-01 01:34:51,615 - INFO - DB backend=sqlite path=C:\Users\Ahmet Saygin VAROL\PycharmProjects\SafeBite Hybrid\orders.db
2025-09-01 01:34:51,618 - INFO - DB backend=sqlite path=C:\Users\Ahmet Saygin VAROL\PycharmProjects\SafeBite Hybrid\orders.db
2025-09-01 01:34:51,621 - INFO - DB backend=sqlite path=C:\Users\Ahmet Saygin VAROL\PycharmProjects\SafeBite Hybrid\orders.db
2025-09-01 01:34:54,529 - INFO - DB backend=sqlite path=C:\Users\Ahmet Saygin VAROL\PycharmProjects\SafeBite Hybrid\orders.db
2025-09-01 01:34:54,745 - INFO - Manager 'AHMET' logged in.
2025-09-01 01:34:55,027 - INFO - DB backend=sqlite path=C:\Users\Ahmet Saygin VAROL\PycharmProjects\SafeBite Hybrid\orders.db
2025-09-01 01:34:55,328 - INFO - DB backend=sqlite path=C:\Users\Ahmet Saygin VAROL\PycharmProjects\SafeBite Hybrid\orders.db
2025-09-01 01:34:55,330 - INFO - [StandingCarry] Already carried for venue=1, voyage=SU532, date=2025-08-31.
2025-09-01 01:34:55,425 - INFO - DB backend=sqlite path=C:\Users\Ahmet Saygin VAROL\PycharmProjects\SafeBite Hybrid\orders.db
2025-09-01 01:34:55,440 - INFO - DB backend=sqlite path=C:\Users\Ahmet Saygin VAROL\PycharmProjects\SafeBite Hybrid\orders.db
2025-09-01 01:34:55,703 - INFO - DB backend=sqlite path=C:\Users\Ahmet Saygin VAROL\PycharmProjects\SafeBite Hybrid\orders.db
2025-09-01 01:34:55,706 - INFO - DB backend=sqlite path=C:\Users\Ahmet Saygin VAROL\PycharmProjects\SafeBite Hybrid\orders.db
2025-09-01 01:34:55,709 - INFO - DB backend=sqlite path=C:\Users\Ahmet Saygin VAROL\PycharmProjects\SafeBite Hybrid\orders.db
2025-09-01 01:34:55,711 - INFO - DB backend=sqlite path=C:\Users\Ahmet Saygin VAROL\PycharmProjects\SafeBite Hybrid\orders.db
2025-09-01 01:34:55,712 - INFO - Loaded 10 allergies
2025-09-01 01:34:55,712 - INFO - Populated allergy combobox with 9 items
2025-09-01 01:34:58,512 - INFO - DB backend=sqlite path=C:\Users\Ahmet Saygin VAROL\PycharmProjects\SafeBite Hybrid\orders.db
2025-09-01 01:34:59,103 - INFO - DB backend=sqlite path=C:\Users\Ahmet Saygin VAROL\PycharmProjects\SafeBite Hybrid\orders.db
2025-09-01 01:35:00,174 - INFO - DB backend=sqlite path=C:\Users\Ahmet Saygin VAROL\PycharmProjects\SafeBite Hybrid\orders.db
2025-09-01 01:35:00,177 - INFO - DB backend=sqlite path=C:\Users\Ahmet Saygin VAROL\PycharmProjects\SafeBite Hybrid\orders.db
2025-09-01 01:35:00,179 - INFO - DB backend=sqlite path=C:\Users\Ahmet Saygin VAROL\PycharmProjects\SafeBite Hybrid\orders.db
2025-09-01 01:35:00,180 - ERROR - Fallback allergy fetch failed: 'sqlite3.Row' object has no attribute 'get'
Traceback (most recent call last):
  File "C:\Users\Ahmet Saygin VAROL\PycharmProjects\SafeBite Hybrid\restaurant_app.py", line 3803, in select_recalled_guest
    tuple, list)) else row.get("allergy_notes", "")
                       ^^^^^^^
AttributeError: 'sqlite3.Row' object has no attribute 'get'
2025-09-01 01:35:31,762 - INFO - DB backend=sqlite path=C:\Users\Ahmet Saygin VAROL\PycharmProjects\SafeBite Hybrid\orders.db
2025-09-01 01:35:31,825 - INFO - DB backend=sqlite path=C:\Users\Ahmet Saygin VAROL\PycharmProjects\SafeBite Hybrid\orders.db
2025-09-01 01:35:31,825 - INFO - DB backend=sqlite path=C:\Users\Ahmet Saygin VAROL\PycharmProjects\SafeBite Hybrid\orders.db
2025-09-01 01:35:55,425 - INFO - DB backend=sqlite path=C:\Users\Ahmet Saygin VAROL\PycharmProjects\SafeBite Hybrid\orders.db
2025-09-01 01:35:55,428 - INFO - DB backend=sqlite path=C:\Users\Ahmet Saygin VAROL\PycharmProjects\SafeBite Hybrid\orders.db
2025-09-01 01:36:27,061 - INFO - Database path set to: C:\Users\Ahmet Saygin VAROL\PycharmProjects\orders.db
2025-09-01 01:36:27,063 - INFO - DB init done.
2025-09-01 01:36:27,302 - INFO - Database path set to: C:\Users\Ahmet Saygin VAROL\PycharmProjects\orders.db
2025-09-01 01:36:27,305 - INFO - DB backend=sqlite path=C:\Users\Ahmet Saygin VAROL\PycharmProjects\SafeBite Hybrid\orders.db
2025-09-01 01:36:27,323 - INFO - DB backend=sqlite path=C:\Users\Ahmet Saygin VAROL\PycharmProjects\SafeBite Hybrid\orders.db
2025-09-01 01:36:27,329 - INFO - DB backend=sqlite path=C:\Users\Ahmet Saygin VAROL\PycharmProjects\SafeBite Hybrid\orders.db
2025-09-01 01:36:27,333 - INFO - DB backend=sqlite path=C:\Users\Ahmet Saygin VAROL\PycharmProjects\SafeBite Hybrid\orders.db
2025-09-01 01:36:31,314 - INFO - DB backend=sqlite path=C:\Users\Ahmet Saygin VAROL\PycharmProjects\SafeBite Hybrid\orders.db
2025-09-01 01:36:31,530 - INFO - Manager 'AHMET' logged in.
2025-09-01 01:36:31,878 - INFO - DB backend=sqlite path=C:\Users\Ahmet Saygin VAROL\PycharmProjects\SafeBite Hybrid\orders.db
2025-09-01 01:36:32,172 - INFO - DB backend=sqlite path=C:\Users\Ahmet Saygin VAROL\PycharmProjects\SafeBite Hybrid\orders.db
2025-09-01 01:36:32,173 - INFO - [StandingCarry] Already carried for venue=1, voyage=SU532, date=2025-08-31.
2025-09-01 01:36:32,262 - INFO - DB backend=sqlite path=C:\Users\Ahmet Saygin VAROL\PycharmProjects\SafeBite Hybrid\orders.db
2025-09-01 01:36:32,273 - INFO - DB backend=sqlite path=C:\Users\Ahmet Saygin VAROL\PycharmProjects\SafeBite Hybrid\orders.db
2025-09-01 01:36:32,511 - INFO - DB backend=sqlite path=C:\Users\Ahmet Saygin VAROL\PycharmProjects\SafeBite Hybrid\orders.db
2025-09-01 01:36:32,513 - INFO - DB backend=sqlite path=C:\Users\Ahmet Saygin VAROL\PycharmProjects\SafeBite Hybrid\orders.db
2025-09-01 01:36:32,516 - INFO - DB backend=sqlite path=C:\Users\Ahmet Saygin VAROL\PycharmProjects\SafeBite Hybrid\orders.db
2025-09-01 01:36:32,518 - INFO - DB backend=sqlite path=C:\Users\Ahmet Saygin VAROL\PycharmProjects\SafeBite Hybrid\orders.db
2025-09-01 01:36:32,519 - INFO - Loaded 10 allergies
2025-09-01 01:36:32,520 - INFO - Populated allergy combobox with 9 items
2025-09-01 01:36:35,734 - INFO - DB backend=sqlite path=C:\Users\Ahmet Saygin VAROL\PycharmProjects\SafeBite Hybrid\orders.db
2025-09-01 01:36:36,193 - INFO - DB backend=sqlite path=C:\Users\Ahmet Saygin VAROL\PycharmProjects\SafeBite Hybrid\orders.db
2025-09-01 01:36:37,484 - INFO - DB backend=sqlite path=C:\Users\Ahmet Saygin VAROL\PycharmProjects\SafeBite Hybrid\orders.db
2025-09-01 01:36:37,497 - INFO - DB backend=sqlite path=C:\Users\Ahmet Saygin VAROL\PycharmProjects\SafeBite Hybrid\orders.db
2025-09-01 01:38:05,510 - INFO - Database path set to: C:\Users\Ahmet Saygin VAROL\PycharmProjects\orders.db
2025-09-01 01:38:05,511 - INFO - DB init done.
2025-09-01 01:38:05,694 - INFO - Database path set to: C:\Users\Ahmet Saygin VAROL\PycharmProjects\orders.db
2025-09-01 01:38:05,697 - INFO - DB backend=sqlite path=C:\Users\Ahmet Saygin VAROL\PycharmProjects\SafeBite Hybrid\orders.db
2025-09-01 01:38:05,700 - INFO - DB backend=sqlite path=C:\Users\Ahmet Saygin VAROL\PycharmProjects\SafeBite Hybrid\orders.db
2025-09-01 01:38:05,703 - INFO - DB backend=sqlite path=C:\Users\Ahmet Saygin VAROL\PycharmProjects\SafeBite Hybrid\orders.db
2025-09-01 01:38:05,705 - INFO - DB backend=sqlite path=C:\Users\Ahmet Saygin VAROL\PycharmProjects\SafeBite Hybrid\orders.db
2025-09-01 01:38:08,117 - INFO - DB backend=sqlite path=C:\Users\Ahmet Saygin VAROL\PycharmProjects\SafeBite Hybrid\orders.db
2025-09-01 01:38:08,334 - INFO - Manager 'AHMET' logged in.
2025-09-01 01:38:08,508 - INFO - DB backend=sqlite path=C:\Users\Ahmet Saygin VAROL\PycharmProjects\SafeBite Hybrid\orders.db
2025-09-01 01:38:08,800 - INFO - DB backend=sqlite path=C:\Users\Ahmet Saygin VAROL\PycharmProjects\SafeBite Hybrid\orders.db
2025-09-01 01:38:08,801 - INFO - [StandingCarry] Already carried for venue=1, voyage=SU532, date=2025-08-31.
2025-09-01 01:38:08,895 - INFO - DB backend=sqlite path=C:\Users\Ahmet Saygin VAROL\PycharmProjects\SafeBite Hybrid\orders.db
2025-09-01 01:38:08,908 - INFO - DB backend=sqlite path=C:\Users\Ahmet Saygin VAROL\PycharmProjects\SafeBite Hybrid\orders.db
2025-09-01 01:38:09,151 - INFO - DB backend=sqlite path=C:\Users\Ahmet Saygin VAROL\PycharmProjects\SafeBite Hybrid\orders.db
2025-09-01 01:38:09,153 - INFO - DB backend=sqlite path=C:\Users\Ahmet Saygin VAROL\PycharmProjects\SafeBite Hybrid\orders.db
2025-09-01 01:38:09,157 - INFO - DB backend=sqlite path=C:\Users\Ahmet Saygin VAROL\PycharmProjects\SafeBite Hybrid\orders.db
2025-09-01 01:38:09,160 - INFO - DB backend=sqlite path=C:\Users\Ahmet Saygin VAROL\PycharmProjects\SafeBite Hybrid\orders.db
2025-09-01 01:38:09,162 - INFO - Loaded 10 allergies
2025-09-01 01:38:09,162 - INFO - Populated allergy combobox with 10 items
2025-09-01 01:38:36,766 - INFO - Database path set to: C:\Users\Ahmet Saygin VAROL\PycharmProjects\orders.db
2025-09-01 01:38:36,767 - INFO - DB init done.
2025-09-01 01:38:36,894 - INFO - Database path set to: C:\Users\Ahmet Saygin VAROL\PycharmProjects\orders.db
2025-09-01 01:38:36,897 - INFO - DB backend=sqlite path=C:\Users\Ahmet Saygin VAROL\PycharmProjects\SafeBite Hybrid\orders.db
2025-09-01 01:38:36,915 - INFO - DB backend=sqlite path=C:\Users\Ahmet Saygin VAROL\PycharmProjects\SafeBite Hybrid\orders.db
2025-09-01 01:38:36,921 - INFO - DB backend=sqlite path=C:\Users\Ahmet Saygin VAROL\PycharmProjects\SafeBite Hybrid\orders.db
2025-09-01 01:38:36,926 - INFO - DB backend=sqlite path=C:\Users\Ahmet Saygin VAROL\PycharmProjects\SafeBite Hybrid\orders.db
2025-09-01 01:38:39,432 - INFO - DB backend=sqlite path=C:\Users\Ahmet Saygin VAROL\PycharmProjects\SafeBite Hybrid\orders.db
2025-09-01 01:38:39,650 - INFO - Manager 'AHMET' logged in.
2025-09-01 01:38:39,839 - INFO - DB backend=sqlite path=C:\Users\Ahmet Saygin VAROL\PycharmProjects\SafeBite Hybrid\orders.db
2025-09-01 01:38:40,152 - INFO - DB backend=sqlite path=C:\Users\Ahmet Saygin VAROL\PycharmProjects\SafeBite Hybrid\orders.db
2025-09-01 01:38:40,153 - INFO - [StandingCarry] Already carried for venue=1, voyage=SU532, date=2025-08-31.
2025-09-01 01:38:40,243 - INFO - DB backend=sqlite path=C:\Users\Ahmet Saygin VAROL\PycharmProjects\SafeBite Hybrid\orders.db
2025-09-01 01:38:40,256 - INFO - DB backend=sqlite path=C:\Users\Ahmet Saygin VAROL\PycharmProjects\SafeBite Hybrid\orders.db
2025-09-01 01:38:40,501 - INFO - DB backend=sqlite path=C:\Users\Ahmet Saygin VAROL\PycharmProjects\SafeBite Hybrid\orders.db
2025-09-01 01:38:40,503 - INFO - DB backend=sqlite path=C:\Users\Ahmet Saygin VAROL\PycharmProjects\SafeBite Hybrid\orders.db
2025-09-01 01:38:40,505 - INFO - DB backend=sqlite path=C:\Users\Ahmet Saygin VAROL\PycharmProjects\SafeBite Hybrid\orders.db
2025-09-01 01:38:40,507 - INFO - DB backend=sqlite path=C:\Users\Ahmet Saygin VAROL\PycharmProjects\SafeBite Hybrid\orders.db
2025-09-01 01:38:40,507 - INFO - Loaded 10 allergies
2025-09-01 01:38:40,508 - INFO - Populated allergy combobox with 10 items
2025-09-01 01:39:40,241 - INFO - DB backend=sqlite path=C:\Users\Ahmet Saygin VAROL\PycharmProjects\SafeBite Hybrid\orders.db
2025-09-01 01:39:40,250 - INFO - DB backend=sqlite path=C:\Users\Ahmet Saygin VAROL\PycharmProjects\SafeBite Hybrid\orders.db
2025-09-01 01:39:44,397 - INFO - Database path set to: C:\Users\Ahmet Saygin VAROL\PycharmProjects\orders.db
2025-09-01 01:39:44,398 - INFO - DB init done.
2025-09-01 01:39:44,644 - INFO - Database path set to: C:\Users\Ahmet Saygin VAROL\PycharmProjects\orders.db
2025-09-01 01:39:44,646 - INFO - DB backend=sqlite path=C:\Users\Ahmet Saygin VAROL\PycharmProjects\SafeBite Hybrid\orders.db
2025-09-01 01:39:44,650 - INFO - DB backend=sqlite path=C:\Users\Ahmet Saygin VAROL\PycharmProjects\SafeBite Hybrid\orders.db
2025-09-01 01:39:44,653 - INFO - DB backend=sqlite path=C:\Users\Ahmet Saygin VAROL\PycharmProjects\SafeBite Hybrid\orders.db
2025-09-01 01:39:44,656 - INFO - DB backend=sqlite path=C:\Users\Ahmet Saygin VAROL\PycharmProjects\SafeBite Hybrid\orders.db
2025-09-01 01:41:25,686 - INFO - Database path set to: C:\Users\Ahmet Saygin VAROL\PycharmProjects\orders.db
2025-09-01 01:41:25,687 - INFO - DB init done.
2025-09-01 01:41:25,843 - INFO - Database path set to: C:\Users\Ahmet Saygin VAROL\PycharmProjects\orders.db
2025-09-01 01:41:25,846 - INFO - DB backend=sqlite path=C:\Users\Ahmet Saygin VAROL\PycharmProjects\SafeBite Hybrid\orders.db
2025-09-01 01:41:25,851 - INFO - DB backend=sqlite path=C:\Users\Ahmet Saygin VAROL\PycharmProjects\SafeBite Hybrid\orders.db
2025-09-01 01:41:25,854 - INFO - DB backend=sqlite path=C:\Users\Ahmet Saygin VAROL\PycharmProjects\SafeBite Hybrid\orders.db
2025-09-01 01:41:25,857 - INFO - DB backend=sqlite path=C:\Users\Ahmet Saygin VAROL\PycharmProjects\SafeBite Hybrid\orders.db
2025-09-01 01:41:29,166 - INFO - DB backend=sqlite path=C:\Users\Ahmet Saygin VAROL\PycharmProjects\SafeBite Hybrid\orders.db
2025-09-01 01:41:29,382 - INFO - Manager 'AHMET' logged in.
2025-09-01 01:41:29,531 - INFO - DB backend=sqlite path=C:\Users\Ahmet Saygin VAROL\PycharmProjects\SafeBite Hybrid\orders.db
2025-09-01 01:41:29,925 - INFO - DB backend=sqlite path=C:\Users\Ahmet Saygin VAROL\PycharmProjects\SafeBite Hybrid\orders.db
2025-09-01 01:41:29,926 - INFO - [StandingCarry] Already carried for venue=1, voyage=SU532, date=2025-08-31.
2025-09-01 01:41:30,001 - INFO - DB backend=sqlite path=C:\Users\Ahmet Saygin VAROL\PycharmProjects\SafeBite Hybrid\orders.db
2025-09-01 01:41:30,011 - INFO - DB backend=sqlite path=C:\Users\Ahmet Saygin VAROL\PycharmProjects\SafeBite Hybrid\orders.db
2025-09-01 01:41:30,216 - INFO - DB backend=sqlite path=C:\Users\Ahmet Saygin VAROL\PycharmProjects\SafeBite Hybrid\orders.db
2025-09-01 01:41:30,218 - INFO - DB backend=sqlite path=C:\Users\Ahmet Saygin VAROL\PycharmProjects\SafeBite Hybrid\orders.db
2025-09-01 01:41:30,220 - INFO - DB backend=sqlite path=C:\Users\Ahmet Saygin VAROL\PycharmProjects\SafeBite Hybrid\orders.db
2025-09-01 01:41:30,222 - INFO - DB backend=sqlite path=C:\Users\Ahmet Saygin VAROL\PycharmProjects\SafeBite Hybrid\orders.db
2025-09-01 01:41:30,222 - INFO - Loaded 10 allergies
2025-09-01 01:41:30,223 - INFO - Populated allergy combobox with 10 items
2025-09-01 01:41:32,986 - INFO - DB backend=sqlite path=C:\Users\Ahmet Saygin VAROL\PycharmProjects\SafeBite Hybrid\orders.db
2025-09-01 01:41:34,395 - INFO - DB backend=sqlite path=C:\Users\Ahmet Saygin VAROL\PycharmProjects\SafeBite Hybrid\orders.db
2025-09-01 01:41:34,395 - INFO - [StandingCarry] Already carried for venue=1, voyage=SU532, date=2025-08-31.
2025-09-01 01:41:34,466 - INFO - DB backend=sqlite path=C:\Users\Ahmet Saygin VAROL\PycharmProjects\SafeBite Hybrid\orders.db
2025-09-01 01:41:34,466 - INFO - DB backend=sqlite path=C:\Users\Ahmet Saygin VAROL\PycharmProjects\SafeBite Hybrid\orders.db
2025-09-01 01:41:34,735 - INFO - DB backend=sqlite path=C:\Users\Ahmet Saygin VAROL\PycharmProjects\SafeBite Hybrid\orders.db
2025-09-01 01:41:34,735 - INFO - DB backend=sqlite path=C:\Users\Ahmet Saygin VAROL\PycharmProjects\SafeBite Hybrid\orders.db
2025-09-01 01:41:34,735 - INFO - DB backend=sqlite path=C:\Users\Ahmet Saygin VAROL\PycharmProjects\SafeBite Hybrid\orders.db
2025-09-01 01:41:34,735 - INFO - DB backend=sqlite path=C:\Users\Ahmet Saygin VAROL\PycharmProjects\SafeBite Hybrid\orders.db
2025-09-01 01:41:34,735 - INFO - Loaded 10 allergies
2025-09-01 01:41:34,750 - INFO - Populated allergy combobox with 10 items
2025-09-01 01:42:29,999 - INFO - DB backend=sqlite path=C:\Users\Ahmet Saygin VAROL\PycharmProjects\SafeBite Hybrid\orders.db
2025-09-01 01:42:29,999 - INFO - DB backend=sqlite path=C:\Users\Ahmet Saygin VAROL\PycharmProjects\SafeBite Hybrid\orders.db
2025-09-01 01:42:34,477 - INFO - DB backend=sqlite path=C:\Users\Ahmet Saygin VAROL\PycharmProjects\SafeBite Hybrid\orders.db
2025-09-01 01:42:34,479 - INFO - DB backend=sqlite path=C:\Users\Ahmet Saygin VAROL\PycharmProjects\SafeBite Hybrid\orders.db
2025-09-01 02:21:05,898 - INFO - Database path set to: C:\Users\Ahmet Saygin VAROL\PycharmProjects\orders.db
2025-09-01 02:21:05,900 - INFO - DB init done.
2025-09-01 02:21:06,028 - INFO - Database path set to: C:\Users\Ahmet Saygin VAROL\PycharmProjects\orders.db
2025-09-01 02:21:06,031 - INFO - DB backend=sqlite path=C:\Users\Ahmet Saygin VAROL\PycharmProjects\SafeBite Hybrid\orders.db
2025-09-01 02:21:06,034 - INFO - DB backend=sqlite path=C:\Users\Ahmet Saygin VAROL\PycharmProjects\SafeBite Hybrid\orders.db
2025-09-01 02:21:06,036 - INFO - DB backend=sqlite path=C:\Users\Ahmet Saygin VAROL\PycharmProjects\SafeBite Hybrid\orders.db
2025-09-01 02:21:06,039 - INFO - DB backend=sqlite path=C:\Users\Ahmet Saygin VAROL\PycharmProjects\SafeBite Hybrid\orders.db
2025-09-01 02:21:08,961 - INFO - DB backend=sqlite path=C:\Users\Ahmet Saygin VAROL\PycharmProjects\SafeBite Hybrid\orders.db
2025-09-01 02:21:09,177 - INFO - Manager 'AHMET' logged in.
2025-09-01 02:21:09,343 - INFO - DB backend=sqlite path=C:\Users\Ahmet Saygin VAROL\PycharmProjects\SafeBite Hybrid\orders.db
2025-09-01 02:21:09,563 - INFO - DB backend=sqlite path=C:\Users\Ahmet Saygin VAROL\PycharmProjects\SafeBite Hybrid\orders.db
2025-09-01 02:21:09,563 - INFO - [StandingCarry] Already carried for venue=1, voyage=SU532, date=2025-08-31.
2025-09-01 02:21:09,634 - INFO - DB backend=sqlite path=C:\Users\Ahmet Saygin VAROL\PycharmProjects\SafeBite Hybrid\orders.db
2025-09-01 02:21:09,647 - INFO - DB backend=sqlite path=C:\Users\Ahmet Saygin VAROL\PycharmProjects\SafeBite Hybrid\orders.db
2025-09-01 02:21:09,828 - INFO - DB backend=sqlite path=C:\Users\Ahmet Saygin VAROL\PycharmProjects\SafeBite Hybrid\orders.db
2025-09-01 02:21:09,829 - INFO - DB backend=sqlite path=C:\Users\Ahmet Saygin VAROL\PycharmProjects\SafeBite Hybrid\orders.db
2025-09-01 02:21:09,832 - INFO - DB backend=sqlite path=C:\Users\Ahmet Saygin VAROL\PycharmProjects\SafeBite Hybrid\orders.db
2025-09-01 02:21:09,833 - INFO - DB backend=sqlite path=C:\Users\Ahmet Saygin VAROL\PycharmProjects\SafeBite Hybrid\orders.db
2025-09-01 02:21:09,834 - INFO - Loaded 10 allergies
2025-09-01 02:21:09,834 - INFO - Populated allergy combobox with 10 items
2025-09-01 02:21:46,923 - INFO - Database path set to: C:\Users\Ahmet Saygin VAROL\PycharmProjects\orders.db
2025-09-01 02:21:46,924 - INFO - DB init done.
2025-09-01 02:21:47,047 - INFO - Database path set to: C:\Users\Ahmet Saygin VAROL\PycharmProjects\orders.db
2025-09-01 02:21:47,050 - INFO - DB backend=sqlite path=C:\Users\Ahmet Saygin VAROL\PycharmProjects\SafeBite Hybrid\orders.db
2025-09-01 02:21:47,054 - INFO - DB backend=sqlite path=C:\Users\Ahmet Saygin VAROL\PycharmProjects\SafeBite Hybrid\orders.db
2025-09-01 02:21:47,057 - INFO - DB backend=sqlite path=C:\Users\Ahmet Saygin VAROL\PycharmProjects\SafeBite Hybrid\orders.db
2025-09-01 02:21:47,060 - INFO - DB backend=sqlite path=C:\Users\Ahmet Saygin VAROL\PycharmProjects\SafeBite Hybrid\orders.db
2025-09-01 02:21:49,905 - INFO - DB backend=sqlite path=C:\Users\Ahmet Saygin VAROL\PycharmProjects\SafeBite Hybrid\orders.db
2025-09-01 02:21:50,119 - INFO - Manager 'AHMET' logged in.
2025-09-01 02:21:50,317 - INFO - DB backend=sqlite path=C:\Users\Ahmet Saygin VAROL\PycharmProjects\SafeBite Hybrid\orders.db
2025-09-01 02:21:50,553 - INFO - DB backend=sqlite path=C:\Users\Ahmet Saygin VAROL\PycharmProjects\SafeBite Hybrid\orders.db
2025-09-01 02:21:50,554 - INFO - [StandingCarry] Already carried for venue=1, voyage=SU532, date=2025-08-31.
2025-09-01 02:21:50,621 - INFO - DB backend=sqlite path=C:\Users\Ahmet Saygin VAROL\PycharmProjects\SafeBite Hybrid\orders.db
2025-09-01 02:21:50,632 - INFO - DB backend=sqlite path=C:\Users\Ahmet Saygin VAROL\PycharmProjects\SafeBite Hybrid\orders.db
2025-09-01 02:21:50,798 - INFO - DB backend=sqlite path=C:\Users\Ahmet Saygin VAROL\PycharmProjects\SafeBite Hybrid\orders.db
2025-09-01 02:21:50,800 - INFO - DB backend=sqlite path=C:\Users\Ahmet Saygin VAROL\PycharmProjects\SafeBite Hybrid\orders.db
2025-09-01 02:21:50,803 - INFO - DB backend=sqlite path=C:\Users\Ahmet Saygin VAROL\PycharmProjects\SafeBite Hybrid\orders.db
2025-09-01 02:21:50,805 - INFO - DB backend=sqlite path=C:\Users\Ahmet Saygin VAROL\PycharmProjects\SafeBite Hybrid\orders.db
2025-09-01 02:21:50,806 - INFO - Loaded 10 allergies
2025-09-01 02:21:50,806 - INFO - Populated allergy combobox with 10 items
2025-09-01 02:21:59,427 - INFO - Database path set to: C:\Users\Ahmet Saygin VAROL\PycharmProjects\orders.db
2025-09-01 02:21:59,428 - INFO - DB init done.
2025-09-01 02:21:59,546 - INFO - Database path set to: C:\Users\Ahmet Saygin VAROL\PycharmProjects\orders.db
2025-09-01 02:21:59,549 - INFO - DB backend=sqlite path=C:\Users\Ahmet Saygin VAROL\PycharmProjects\SafeBite Hybrid\orders.db
2025-09-01 02:21:59,553 - INFO - DB backend=sqlite path=C:\Users\Ahmet Saygin VAROL\PycharmProjects\SafeBite Hybrid\orders.db
2025-09-01 02:21:59,556 - INFO - DB backend=sqlite path=C:\Users\Ahmet Saygin VAROL\PycharmProjects\SafeBite Hybrid\orders.db
2025-09-01 02:21:59,559 - INFO - DB backend=sqlite path=C:\Users\Ahmet Saygin VAROL\PycharmProjects\SafeBite Hybrid\orders.db
2025-09-01 02:22:02,058 - INFO - DB backend=sqlite path=C:\Users\Ahmet Saygin VAROL\PycharmProjects\SafeBite Hybrid\orders.db
2025-09-01 02:22:02,273 - INFO - Manager 'AHMET' logged in.
2025-09-01 02:22:02,427 - INFO - DB backend=sqlite path=C:\Users\Ahmet Saygin VAROL\PycharmProjects\SafeBite Hybrid\orders.db
2025-09-01 02:22:02,662 - INFO - DB backend=sqlite path=C:\Users\Ahmet Saygin VAROL\PycharmProjects\SafeBite Hybrid\orders.db
2025-09-01 02:22:02,663 - INFO - [StandingCarry] Already carried for venue=1, voyage=SU532, date=2025-08-31.
2025-09-01 02:22:02,744 - INFO - DB backend=sqlite path=C:\Users\Ahmet Saygin VAROL\PycharmProjects\SafeBite Hybrid\orders.db
2025-09-01 02:22:02,755 - INFO - DB backend=sqlite path=C:\Users\Ahmet Saygin VAROL\PycharmProjects\SafeBite Hybrid\orders.db
2025-09-01 02:22:02,926 - INFO - DB backend=sqlite path=C:\Users\Ahmet Saygin VAROL\PycharmProjects\SafeBite Hybrid\orders.db
2025-09-01 02:22:02,927 - INFO - DB backend=sqlite path=C:\Users\Ahmet Saygin VAROL\PycharmProjects\SafeBite Hybrid\orders.db
2025-09-01 02:22:02,929 - INFO - DB backend=sqlite path=C:\Users\Ahmet Saygin VAROL\PycharmProjects\SafeBite Hybrid\orders.db
2025-09-01 02:22:02,931 - INFO - DB backend=sqlite path=C:\Users\Ahmet Saygin VAROL\PycharmProjects\SafeBite Hybrid\orders.db
2025-09-01 02:22:02,932 - INFO - Loaded 10 allergies
2025-09-01 02:22:02,932 - INFO - Populated allergy combobox with 10 items
2025-09-01 02:24:24,773 - INFO - Database path set to: C:\Users\Ahmet Saygin VAROL\PycharmProjects\orders.db
2025-09-01 02:24:24,775 - INFO - DB init done.
2025-09-01 02:24:24,918 - INFO - Database path set to: C:\Users\Ahmet Saygin VAROL\PycharmProjects\orders.db
2025-09-01 02:24:24,921 - INFO - DB backend=sqlite path=C:\Users\Ahmet Saygin VAROL\PycharmProjects\SafeBite Hybrid\orders.db
2025-09-01 02:24:24,925 - INFO - DB backend=sqlite path=C:\Users\Ahmet Saygin VAROL\PycharmProjects\SafeBite Hybrid\orders.db
2025-09-01 02:24:24,928 - INFO - DB backend=sqlite path=C:\Users\Ahmet Saygin VAROL\PycharmProjects\SafeBite Hybrid\orders.db
2025-09-01 02:24:24,932 - INFO - DB backend=sqlite path=C:\Users\Ahmet Saygin VAROL\PycharmProjects\SafeBite Hybrid\orders.db
2025-09-01 02:24:27,718 - INFO - DB backend=sqlite path=C:\Users\Ahmet Saygin VAROL\PycharmProjects\SafeBite Hybrid\orders.db
2025-09-01 02:24:27,939 - INFO - Manager 'AHMET' logged in.
2025-09-01 02:24:28,032 - INFO - DB backend=sqlite path=C:\Users\Ahmet Saygin VAROL\PycharmProjects\SafeBite Hybrid\orders.db
2025-09-01 02:24:28,255 - INFO - DB backend=sqlite path=C:\Users\Ahmet Saygin VAROL\PycharmProjects\SafeBite Hybrid\orders.db
2025-09-01 02:24:28,256 - INFO - [StandingCarry] Already carried for venue=1, voyage=SU532, date=2025-08-31.
2025-09-01 02:24:28,323 - INFO - DB backend=sqlite path=C:\Users\Ahmet Saygin VAROL\PycharmProjects\SafeBite Hybrid\orders.db
2025-09-01 02:24:28,333 - INFO - DB backend=sqlite path=C:\Users\Ahmet Saygin VAROL\PycharmProjects\SafeBite Hybrid\orders.db
2025-09-01 02:24:28,522 - INFO - DB backend=sqlite path=C:\Users\Ahmet Saygin VAROL\PycharmProjects\SafeBite Hybrid\orders.db
2025-09-01 02:24:28,523 - INFO - DB backend=sqlite path=C:\Users\Ahmet Saygin VAROL\PycharmProjects\SafeBite Hybrid\orders.db
2025-09-01 02:24:28,527 - INFO - DB backend=sqlite path=C:\Users\Ahmet Saygin VAROL\PycharmProjects\SafeBite Hybrid\orders.db
2025-09-01 02:24:28,529 - INFO - DB backend=sqlite path=C:\Users\Ahmet Saygin VAROL\PycharmProjects\SafeBite Hybrid\orders.db
2025-09-01 02:24:28,530 - INFO - Loaded 10 allergies
2025-09-01 02:24:28,530 - INFO - Populated allergy combobox with 10 items
2025-09-01 02:25:56,109 - INFO - Database path set to: C:\Users\Ahmet Saygin VAROL\PycharmProjects\orders.db
2025-09-01 02:25:56,110 - INFO - DB init done.
2025-09-01 02:25:56,228 - INFO - Database path set to: C:\Users\Ahmet Saygin VAROL\PycharmProjects\orders.db
2025-09-01 02:25:56,231 - INFO - DB backend=sqlite path=C:\Users\Ahmet Saygin VAROL\PycharmProjects\SafeBite Hybrid\orders.db
2025-09-01 02:25:56,234 - INFO - DB backend=sqlite path=C:\Users\Ahmet Saygin VAROL\PycharmProjects\SafeBite Hybrid\orders.db
2025-09-01 02:25:56,236 - INFO - DB backend=sqlite path=C:\Users\Ahmet Saygin VAROL\PycharmProjects\SafeBite Hybrid\orders.db
2025-09-01 02:25:56,239 - INFO - DB backend=sqlite path=C:\Users\Ahmet Saygin VAROL\PycharmProjects\SafeBite Hybrid\orders.db
2025-09-01 02:25:59,740 - INFO - DB backend=sqlite path=C:\Users\Ahmet Saygin VAROL\PycharmProjects\SafeBite Hybrid\orders.db
2025-09-01 02:25:59,955 - INFO - Manager 'AHMET' logged in.
2025-09-01 02:26:00,057 - INFO - DB backend=sqlite path=C:\Users\Ahmet Saygin VAROL\PycharmProjects\SafeBite Hybrid\orders.db
2025-09-01 02:26:00,281 - INFO - DB backend=sqlite path=C:\Users\Ahmet Saygin VAROL\PycharmProjects\SafeBite Hybrid\orders.db
2025-09-01 02:26:00,282 - INFO - [StandingCarry] Already carried for venue=1, voyage=SU532, date=2025-08-31.
2025-09-01 02:26:00,349 - INFO - DB backend=sqlite path=C:\Users\Ahmet Saygin VAROL\PycharmProjects\SafeBite Hybrid\orders.db
2025-09-01 02:26:00,360 - INFO - DB backend=sqlite path=C:\Users\Ahmet Saygin VAROL\PycharmProjects\SafeBite Hybrid\orders.db
2025-09-01 02:26:00,530 - INFO - DB backend=sqlite path=C:\Users\Ahmet Saygin VAROL\PycharmProjects\SafeBite Hybrid\orders.db
2025-09-01 02:26:00,532 - INFO - DB backend=sqlite path=C:\Users\Ahmet Saygin VAROL\PycharmProjects\SafeBite Hybrid\orders.db
2025-09-01 02:26:00,534 - INFO - DB backend=sqlite path=C:\Users\Ahmet Saygin VAROL\PycharmProjects\SafeBite Hybrid\orders.db
2025-09-01 02:26:00,536 - INFO - DB backend=sqlite path=C:\Users\Ahmet Saygin VAROL\PycharmProjects\SafeBite Hybrid\orders.db
2025-09-01 02:26:00,537 - INFO - Loaded 10 allergies
2025-09-01 02:26:00,537 - INFO - Populated allergy combobox with 10 items
2025-09-01 02:27:00,350 - INFO - DB backend=sqlite path=C:\Users\Ahmet Saygin VAROL\PycharmProjects\SafeBite Hybrid\orders.db
2025-09-01 02:27:00,350 - INFO - DB backend=sqlite path=C:\Users\Ahmet Saygin VAROL\PycharmProjects\SafeBite Hybrid\orders.db
2025-09-01 02:27:42,434 - INFO - Database path set to: C:\Users\Ahmet Saygin VAROL\PycharmProjects\orders.db
2025-09-01 02:27:42,437 - INFO - DB init done.
2025-09-01 02:27:42,557 - INFO - Database path set to: C:\Users\Ahmet Saygin VAROL\PycharmProjects\orders.db
2025-09-01 02:27:42,559 - INFO - DB backend=sqlite path=C:\Users\Ahmet Saygin VAROL\PycharmProjects\SafeBite Hybrid\orders.db
2025-09-01 02:27:42,564 - INFO - DB backend=sqlite path=C:\Users\Ahmet Saygin VAROL\PycharmProjects\SafeBite Hybrid\orders.db
2025-09-01 02:27:42,566 - INFO - DB backend=sqlite path=C:\Users\Ahmet Saygin VAROL\PycharmProjects\SafeBite Hybrid\orders.db
2025-09-01 02:27:42,568 - INFO - DB backend=sqlite path=C:\Users\Ahmet Saygin VAROL\PycharmProjects\SafeBite Hybrid\orders.db
2025-09-01 02:27:45,231 - INFO - DB backend=sqlite path=C:\Users\Ahmet Saygin VAROL\PycharmProjects\SafeBite Hybrid\orders.db
2025-09-01 02:27:45,445 - INFO - Manager 'AHMET' logged in.
2025-09-01 02:27:45,678 - INFO - DB backend=sqlite path=C:\Users\Ahmet Saygin VAROL\PycharmProjects\SafeBite Hybrid\orders.db
2025-09-01 02:27:45,893 - INFO - DB backend=sqlite path=C:\Users\Ahmet Saygin VAROL\PycharmProjects\SafeBite Hybrid\orders.db
2025-09-01 02:27:45,894 - INFO - [StandingCarry] Already carried for venue=1, voyage=SU532, date=2025-08-31.
2025-09-01 02:27:45,962 - INFO - DB backend=sqlite path=C:\Users\Ahmet Saygin VAROL\PycharmProjects\SafeBite Hybrid\orders.db
2025-09-01 02:27:45,973 - INFO - DB backend=sqlite path=C:\Users\Ahmet Saygin VAROL\PycharmProjects\SafeBite Hybrid\orders.db
2025-09-01 02:27:46,161 - INFO - DB backend=sqlite path=C:\Users\Ahmet Saygin VAROL\PycharmProjects\SafeBite Hybrid\orders.db
2025-09-01 02:27:46,164 - INFO - DB backend=sqlite path=C:\Users\Ahmet Saygin VAROL\PycharmProjects\SafeBite Hybrid\orders.db
2025-09-01 02:27:46,167 - INFO - DB backend=sqlite path=C:\Users\Ahmet Saygin VAROL\PycharmProjects\SafeBite Hybrid\orders.db
2025-09-01 02:27:46,168 - INFO - DB backend=sqlite path=C:\Users\Ahmet Saygin VAROL\PycharmProjects\SafeBite Hybrid\orders.db
2025-09-01 02:27:46,169 - INFO - Loaded 10 allergies
2025-09-01 02:27:46,169 - INFO - Populated allergy combobox with 10 items
2025-09-01 02:27:50,406 - INFO - DB backend=sqlite path=C:\Users\Ahmet Saygin VAROL\PycharmProjects\SafeBite Hybrid\orders.db
2025-09-01 02:28:45,960 - INFO - DB backend=sqlite path=C:\Users\Ahmet Saygin VAROL\PycharmProjects\SafeBite Hybrid\orders.db
2025-09-01 02:28:45,962 - INFO - DB backend=sqlite path=C:\Users\Ahmet Saygin VAROL\PycharmProjects\SafeBite Hybrid\orders.db
2025-09-01 02:30:08,122 - INFO - Database path set to: C:\Users\Ahmet Saygin VAROL\PycharmProjects\orders.db
2025-09-01 02:30:08,123 - INFO - DB init done.
2025-09-01 02:30:08,246 - INFO - Database path set to: C:\Users\Ahmet Saygin VAROL\PycharmProjects\orders.db
2025-09-01 02:30:08,250 - INFO - DB backend=sqlite path=C:\Users\Ahmet Saygin VAROL\PycharmProjects\SafeBite Hybrid\orders.db
2025-09-01 02:30:08,253 - INFO - DB backend=sqlite path=C:\Users\Ahmet Saygin VAROL\PycharmProjects\SafeBite Hybrid\orders.db
2025-09-01 02:30:08,257 - INFO - DB backend=sqlite path=C:\Users\Ahmet Saygin VAROL\PycharmProjects\SafeBite Hybrid\orders.db
2025-09-01 02:30:08,259 - INFO - DB backend=sqlite path=C:\Users\Ahmet Saygin VAROL\PycharmProjects\SafeBite Hybrid\orders.db
2025-09-01 02:30:10,662 - INFO - DB backend=sqlite path=C:\Users\Ahmet Saygin VAROL\PycharmProjects\SafeBite Hybrid\orders.db
2025-09-01 02:30:10,881 - INFO - Manager 'AHMET' logged in.
2025-09-01 02:30:11,232 - INFO - DB backend=sqlite path=C:\Users\Ahmet Saygin VAROL\PycharmProjects\SafeBite Hybrid\orders.db
2025-09-01 02:30:11,524 - INFO - DB backend=sqlite path=C:\Users\Ahmet Saygin VAROL\PycharmProjects\SafeBite Hybrid\orders.db
2025-09-01 02:30:11,524 - INFO - [StandingCarry] Already carried for venue=1, voyage=SU532, date=2025-08-31.
2025-09-01 02:30:11,593 - INFO - DB backend=sqlite path=C:\Users\Ahmet Saygin VAROL\PycharmProjects\SafeBite Hybrid\orders.db
2025-09-01 02:30:11,603 - INFO - DB backend=sqlite path=C:\Users\Ahmet Saygin VAROL\PycharmProjects\SafeBite Hybrid\orders.db
2025-09-01 02:30:11,789 - INFO - DB backend=sqlite path=C:\Users\Ahmet Saygin VAROL\PycharmProjects\SafeBite Hybrid\orders.db
2025-09-01 02:30:11,791 - INFO - DB backend=sqlite path=C:\Users\Ahmet Saygin VAROL\PycharmProjects\SafeBite Hybrid\orders.db
2025-09-01 02:30:11,793 - INFO - DB backend=sqlite path=C:\Users\Ahmet Saygin VAROL\PycharmProjects\SafeBite Hybrid\orders.db
2025-09-01 02:30:11,795 - INFO - DB backend=sqlite path=C:\Users\Ahmet Saygin VAROL\PycharmProjects\SafeBite Hybrid\orders.db
2025-09-01 02:30:11,796 - INFO - Loaded 10 allergies
2025-09-01 02:30:11,796 - INFO - Populated allergy combobox with 10 items
2025-09-01 02:30:15,478 - INFO - DB backend=sqlite path=C:\Users\Ahmet Saygin VAROL\PycharmProjects\SafeBite Hybrid\orders.db
2025-09-01 02:30:43,163 - INFO - Database path set to: C:\Users\Ahmet Saygin VAROL\PycharmProjects\orders.db
2025-09-01 02:30:43,164 - INFO - DB init done.
2025-09-01 02:30:43,278 - INFO - Database path set to: C:\Users\Ahmet Saygin VAROL\PycharmProjects\orders.db
2025-09-01 02:30:43,280 - INFO - DB backend=sqlite path=C:\Users\Ahmet Saygin VAROL\PycharmProjects\SafeBite Hybrid\orders.db
2025-09-01 02:30:43,283 - INFO - DB backend=sqlite path=C:\Users\Ahmet Saygin VAROL\PycharmProjects\SafeBite Hybrid\orders.db
2025-09-01 02:30:43,286 - INFO - DB backend=sqlite path=C:\Users\Ahmet Saygin VAROL\PycharmProjects\SafeBite Hybrid\orders.db
2025-09-01 02:30:43,288 - INFO - DB backend=sqlite path=C:\Users\Ahmet Saygin VAROL\PycharmProjects\SafeBite Hybrid\orders.db
2025-09-01 02:30:55,580 - INFO - DB backend=sqlite path=C:\Users\Ahmet Saygin VAROL\PycharmProjects\SafeBite Hybrid\orders.db
2025-09-01 02:30:55,796 - INFO - Manager 'AHMET' logged in.
2025-09-01 02:30:56,022 - INFO - DB backend=sqlite path=C:\Users\Ahmet Saygin VAROL\PycharmProjects\SafeBite Hybrid\orders.db
2025-09-01 02:30:56,236 - INFO - DB backend=sqlite path=C:\Users\Ahmet Saygin VAROL\PycharmProjects\SafeBite Hybrid\orders.db
2025-09-01 02:30:56,237 - INFO - [StandingCarry] Already carried for venue=1, voyage=SU532, date=2025-08-31.
2025-09-01 02:30:56,300 - INFO - DB backend=sqlite path=C:\Users\Ahmet Saygin VAROL\PycharmProjects\SafeBite Hybrid\orders.db
2025-09-01 02:30:56,311 - INFO - DB backend=sqlite path=C:\Users\Ahmet Saygin VAROL\PycharmProjects\SafeBite Hybrid\orders.db
2025-09-01 02:30:56,484 - INFO - DB backend=sqlite path=C:\Users\Ahmet Saygin VAROL\PycharmProjects\SafeBite Hybrid\orders.db
2025-09-01 02:30:56,485 - INFO - DB backend=sqlite path=C:\Users\Ahmet Saygin VAROL\PycharmProjects\SafeBite Hybrid\orders.db
2025-09-01 02:30:56,487 - INFO - DB backend=sqlite path=C:\Users\Ahmet Saygin VAROL\PycharmProjects\SafeBite Hybrid\orders.db
2025-09-01 02:30:56,489 - INFO - DB backend=sqlite path=C:\Users\Ahmet Saygin VAROL\PycharmProjects\SafeBite Hybrid\orders.db
2025-09-01 02:30:56,490 - INFO - Loaded 10 allergies
2025-09-01 02:30:56,490 - INFO - Populated allergy combobox with 10 items
2025-09-01 02:31:56,296 - INFO - DB backend=sqlite path=C:\Users\Ahmet Saygin VAROL\PycharmProjects\SafeBite Hybrid\orders.db
2025-09-01 02:31:56,296 - INFO - DB backend=sqlite path=C:\Users\Ahmet Saygin VAROL\PycharmProjects\SafeBite Hybrid\orders.db
2025-09-01 02:46:34,881 - INFO - Database path set to: C:\Users\Ahmet Saygin VAROL\PycharmProjects\orders.db
2025-09-01 02:46:34,883 - INFO - DB init done.
2025-09-01 02:46:35,030 - INFO - Database path set to: C:\Users\Ahmet Saygin VAROL\PycharmProjects\orders.db
2025-09-01 02:46:35,034 - INFO - DB backend=sqlite path=C:\Users\Ahmet Saygin VAROL\PycharmProjects\SafeBite Hybrid\orders.db
2025-09-01 02:46:35,037 - INFO - DB backend=sqlite path=C:\Users\Ahmet Saygin VAROL\PycharmProjects\SafeBite Hybrid\orders.db
2025-09-01 02:46:35,040 - INFO - DB backend=sqlite path=C:\Users\Ahmet Saygin VAROL\PycharmProjects\SafeBite Hybrid\orders.db
2025-09-01 02:46:35,043 - INFO - DB backend=sqlite path=C:\Users\Ahmet Saygin VAROL\PycharmProjects\SafeBite Hybrid\orders.db
2025-09-01 02:46:40,126 - INFO - DB backend=sqlite path=C:\Users\Ahmet Saygin VAROL\PycharmProjects\SafeBite Hybrid\orders.db
2025-09-01 02:46:40,345 - INFO - Manager 'AHMET' logged in.
2025-09-01 02:46:40,540 - INFO - DB backend=sqlite path=C:\Users\Ahmet Saygin VAROL\PycharmProjects\SafeBite Hybrid\orders.db
2025-09-01 02:46:40,764 - INFO - DB backend=sqlite path=C:\Users\Ahmet Saygin VAROL\PycharmProjects\SafeBite Hybrid\orders.db
2025-09-01 02:46:40,765 - INFO - [StandingCarry] Already carried for venue=1, voyage=SU532, date=2025-08-31.
2025-09-01 02:46:40,845 - INFO - DB backend=sqlite path=C:\Users\Ahmet Saygin VAROL\PycharmProjects\SafeBite Hybrid\orders.db
2025-09-01 02:46:40,860 - INFO - DB backend=sqlite path=C:\Users\Ahmet Saygin VAROL\PycharmProjects\SafeBite Hybrid\orders.db
2025-09-01 02:46:40,872 - INFO - DB backend=sqlite path=C:\Users\Ahmet Saygin VAROL\PycharmProjects\SafeBite Hybrid\orders.db
2025-09-01 02:46:41,060 - INFO - DB backend=sqlite path=C:\Users\Ahmet Saygin VAROL\PycharmProjects\SafeBite Hybrid\orders.db
2025-09-01 02:46:41,062 - INFO - DB backend=sqlite path=C:\Users\Ahmet Saygin VAROL\PycharmProjects\SafeBite Hybrid\orders.db
2025-09-01 02:46:41,064 - INFO - DB backend=sqlite path=C:\Users\Ahmet Saygin VAROL\PycharmProjects\SafeBite Hybrid\orders.db
2025-09-01 02:46:41,067 - INFO - DB backend=sqlite path=C:\Users\Ahmet Saygin VAROL\PycharmProjects\SafeBite Hybrid\orders.db
2025-09-01 02:46:41,067 - INFO - Loaded 10 allergies
2025-09-01 02:46:41,067 - INFO - Populated allergy combobox with 10 items
2025-09-01 02:46:47,939 - INFO - DB backend=sqlite path=C:\Users\Ahmet Saygin VAROL\PycharmProjects\SafeBite Hybrid\orders.db
2025-09-01 02:47:40,843 - INFO - DB backend=sqlite path=C:\Users\Ahmet Saygin VAROL\PycharmProjects\SafeBite Hybrid\orders.db
2025-09-01 02:47:40,845 - INFO - DB backend=sqlite path=C:\Users\Ahmet Saygin VAROL\PycharmProjects\SafeBite Hybrid\orders.db
2025-09-01 02:49:24,285 - INFO - DB backend=sqlite path=C:\Users\Ahmet Saygin VAROL\PycharmProjects\SafeBite Hybrid\orders.db
2025-09-01 02:49:41,013 - INFO - DB backend=sqlite path=C:\Users\Ahmet Saygin VAROL\PycharmProjects\SafeBite Hybrid\orders.db
2025-09-01 02:50:33,755 - INFO - DB backend=sqlite path=C:\Users\Ahmet Saygin VAROL\PycharmProjects\SafeBite Hybrid\orders.db
2025-09-01 02:50:33,771 - INFO - DB backend=sqlite path=C:\Users\Ahmet Saygin VAROL\PycharmProjects\SafeBite Hybrid\orders.db
2025-09-01 02:50:33,825 - INFO - DB backend=sqlite path=C:\Users\Ahmet Saygin VAROL\PycharmProjects\SafeBite Hybrid\orders.db
2025-09-01 02:50:33,827 - INFO - DB backend=sqlite path=C:\Users\Ahmet Saygin VAROL\PycharmProjects\SafeBite Hybrid\orders.db
2025-09-01 02:51:01,876 - INFO - DB backend=sqlite path=C:\Users\Ahmet Saygin VAROL\PycharmProjects\SafeBite Hybrid\orders.db
2025-09-01 02:51:10,659 - INFO - DB backend=sqlite path=C:\Users\Ahmet Saygin VAROL\PycharmProjects\SafeBite Hybrid\orders.db
2025-09-01 02:51:10,706 - INFO - DB backend=sqlite path=C:\Users\Ahmet Saygin VAROL\PycharmProjects\SafeBite Hybrid\orders.db
2025-09-01 02:51:10,706 - INFO - DB backend=sqlite path=C:\Users\Ahmet Saygin VAROL\PycharmProjects\SafeBite Hybrid\orders.db
2025-09-01 02:51:23,402 - INFO - DB backend=sqlite path=C:\Users\Ahmet Saygin VAROL\PycharmProjects\SafeBite Hybrid\orders.db
2025-09-01 02:51:44,509 - INFO - DB backend=sqlite path=C:\Users\Ahmet Saygin VAROL\PycharmProjects\SafeBite Hybrid\orders.db
2025-09-01 02:51:44,556 - INFO - DB backend=sqlite path=C:\Users\Ahmet Saygin VAROL\PycharmProjects\SafeBite Hybrid\orders.db
2025-09-01 02:51:44,556 - INFO - DB backend=sqlite path=C:\Users\Ahmet Saygin VAROL\PycharmProjects\SafeBite Hybrid\orders.db
2025-09-01 02:51:55,045 - INFO - DB backend=sqlite path=C:\Users\Ahmet Saygin VAROL\PycharmProjects\SafeBite Hybrid\orders.db
2025-09-01 02:56:26,723 - INFO - DB backend=sqlite path=C:\Users\Ahmet Saygin VAROL\PycharmProjects\SafeBite Hybrid\orders.db
2025-09-01 02:56:30,177 - INFO - DB backend=sqlite path=C:\Users\Ahmet Saygin VAROL\PycharmProjects\SafeBite Hybrid\orders.db
2025-09-01 02:56:30,177 - INFO - DB backend=sqlite path=C:\Users\Ahmet Saygin VAROL\PycharmProjects\SafeBite Hybrid\orders.db
2025-09-01 02:56:30,177 - INFO - [StandingCarry] None to carry for venue=3, voyage=SU532, date=2025-08-31.
2025-09-01 02:56:30,240 - INFO - DB backend=sqlite path=C:\Users\Ahmet Saygin VAROL\PycharmProjects\SafeBite Hybrid\orders.db
2025-09-01 02:56:30,240 - INFO - DB backend=sqlite path=C:\Users\Ahmet Saygin VAROL\PycharmProjects\SafeBite Hybrid\orders.db
2025-09-01 02:56:30,256 - INFO - DB backend=sqlite path=C:\Users\Ahmet Saygin VAROL\PycharmProjects\SafeBite Hybrid\orders.db
2025-09-01 02:56:30,459 - INFO - DB backend=sqlite path=C:\Users\Ahmet Saygin VAROL\PycharmProjects\SafeBite Hybrid\orders.db
2025-09-01 02:56:30,459 - INFO - DB backend=sqlite path=C:\Users\Ahmet Saygin VAROL\PycharmProjects\SafeBite Hybrid\orders.db
2025-09-01 02:56:30,459 - INFO - DB backend=sqlite path=C:\Users\Ahmet Saygin VAROL\PycharmProjects\SafeBite Hybrid\orders.db
2025-09-01 02:56:30,459 - INFO - DB backend=sqlite path=C:\Users\Ahmet Saygin VAROL\PycharmProjects\SafeBite Hybrid\orders.db
2025-09-01 02:56:30,475 - INFO - Loaded 10 allergies
2025-09-01 02:56:30,475 - INFO - Populated allergy combobox with 10 items
2025-09-01 02:56:38,836 - INFO - DB backend=sqlite path=C:\Users\Ahmet Saygin VAROL\PycharmProjects\SafeBite Hybrid\orders.db
2025-09-01 02:56:39,446 - INFO - DB backend=sqlite path=C:\Users\Ahmet Saygin VAROL\PycharmProjects\SafeBite Hybrid\orders.db
2025-09-01 02:56:40,493 - INFO - DB backend=sqlite path=C:\Users\Ahmet Saygin VAROL\PycharmProjects\SafeBite Hybrid\orders.db
2025-09-01 02:56:40,493 - INFO - DB backend=sqlite path=C:\Users\Ahmet Saygin VAROL\PycharmProjects\SafeBite Hybrid\orders.db
2025-09-01 02:56:55,308 - INFO - DB backend=sqlite path=C:\Users\Ahmet Saygin VAROL\PycharmProjects\SafeBite Hybrid\orders.db
2025-09-01 02:56:55,338 - INFO - DB backend=sqlite path=C:\Users\Ahmet Saygin VAROL\PycharmProjects\SafeBite Hybrid\orders.db
2025-09-01 02:56:56,213 - INFO - DB backend=sqlite path=C:\Users\Ahmet Saygin VAROL\PycharmProjects\SafeBite Hybrid\orders.db
2025-09-01 02:56:56,213 - INFO - DB backend=sqlite path=C:\Users\Ahmet Saygin VAROL\PycharmProjects\SafeBite Hybrid\orders.db
2025-09-01 02:57:04,246 - INFO - DB backend=sqlite path=C:\Users\Ahmet Saygin VAROL\PycharmProjects\SafeBite Hybrid\orders.db
2025-09-01 02:57:04,275 - INFO - DB backend=sqlite path=C:\Users\Ahmet Saygin VAROL\PycharmProjects\SafeBite Hybrid\orders.db
2025-09-01 02:57:05,541 - INFO - DB backend=sqlite path=C:\Users\Ahmet Saygin VAROL\PycharmProjects\SafeBite Hybrid\orders.db
2025-09-01 02:57:05,541 - INFO - DB backend=sqlite path=C:\Users\Ahmet Saygin VAROL\PycharmProjects\SafeBite Hybrid\orders.db
2025-09-01 02:57:05,541 - INFO - DB backend=sqlite path=C:\Users\Ahmet Saygin VAROL\PycharmProjects\SafeBite Hybrid\orders.db
2025-09-01 02:57:30,251 - INFO - DB backend=sqlite path=C:\Users\Ahmet Saygin VAROL\PycharmProjects\SafeBite Hybrid\orders.db
2025-09-01 02:57:30,251 - INFO - DB backend=sqlite path=C:\Users\Ahmet Saygin VAROL\PycharmProjects\SafeBite Hybrid\orders.db
2025-09-01 02:57:45,661 - INFO - DB backend=sqlite path=C:\Users\Ahmet Saygin VAROL\PycharmProjects\SafeBite Hybrid\orders.db
2025-09-01 02:57:45,692 - INFO - DB backend=sqlite path=C:\Users\Ahmet Saygin VAROL\PycharmProjects\SafeBite Hybrid\orders.db
2025-09-01 02:57:46,598 - INFO - DB backend=sqlite path=C:\Users\Ahmet Saygin VAROL\PycharmProjects\SafeBite Hybrid\orders.db
2025-09-01 02:57:46,598 - INFO - DB backend=sqlite path=C:\Users\Ahmet Saygin VAROL\PycharmProjects\SafeBite Hybrid\orders.db
2025-09-01 02:57:46,598 - INFO - DB backend=sqlite path=C:\Users\Ahmet Saygin VAROL\PycharmProjects\SafeBite Hybrid\orders.db
2025-09-01 07:26:35,822 - INFO - DB backend=sqlite path=C:\Users\Ahmet Saygin VAROL\PycharmProjects\SafeBite Hybrid\orders.db
2025-09-01 07:26:35,900 - INFO - DB backend=sqlite path=C:\Users\Ahmet Saygin VAROL\PycharmProjects\SafeBite Hybrid\orders.db
2025-09-01 07:26:35,900 - INFO - DB backend=sqlite path=C:\Users\Ahmet Saygin VAROL\PycharmProjects\SafeBite Hybrid\orders.db
2025-09-01 09:20:03,619 - INFO - Database path set to: C:\Users\Ahmet Saygin VAROL\PycharmProjects\orders.db
2025-09-01 09:20:03,621 - INFO - DB init done.
2025-09-01 09:20:03,746 - INFO - Database path set to: C:\Users\Ahmet Saygin VAROL\PycharmProjects\orders.db
2025-09-01 09:20:03,975 - INFO - package: mysql.connector.plugins
2025-09-01 09:20:03,975 - INFO - plugin_name: mysql_native_password
2025-09-01 09:20:03,979 - INFO - AUTHENTICATION_PLUGIN_CLASS: MySQLNativePasswordAuthPlugin
2025-09-01 09:20:03,981 - INFO - package: mysql.connector.plugins
2025-09-01 09:20:03,981 - INFO - plugin_name: caching_sha2_password
2025-09-01 09:20:03,981 - INFO - AUTHENTICATION_PLUGIN_CLASS: MySQLCachingSHA2PasswordAuthPlugin
2025-09-01 09:20:09,413 - INFO - Manager 'AHMET' logged in.
2025-09-01 09:20:10,191 - INFO - [StandingCarry] None to carry for venue=2, voyage=SU533, date=2025-09-01.
2025-09-01 09:20:11,563 - INFO - Loaded 9 allergies
2025-09-01 09:20:11,564 - INFO - Populated allergy combobox with 9 items
2025-09-01 09:20:30,091 - INFO - [StandingCarry] None to carry for venue=1, voyage=SU533, date=2025-09-01.
2025-09-01 09:20:31,404 - INFO - Loaded 9 allergies
2025-09-01 09:20:31,404 - INFO - Populated allergy combobox with 9 items
2025-09-01 09:20:36,671 - INFO - [StandingCarry] None to carry for venue=3, voyage=SU533, date=2025-09-01.
2025-09-01 09:20:37,984 - INFO - Loaded 9 allergies
2025-09-01 09:20:37,984 - INFO - Populated allergy combobox with 9 items
2025-09-01 09:24:49,886 - INFO - Database path set to: C:\Users\Ahmet Saygin VAROL\PycharmProjects\orders.db
2025-09-01 09:24:49,887 - INFO - DB init done.
2025-09-01 09:24:50,021 - INFO - Database path set to: C:\Users\Ahmet Saygin VAROL\PycharmProjects\orders.db
2025-09-01 09:24:50,167 - INFO - package: mysql.connector.plugins
2025-09-01 09:24:50,167 - INFO - plugin_name: mysql_native_password
2025-09-01 09:24:50,168 - INFO - AUTHENTICATION_PLUGIN_CLASS: MySQLNativePasswordAuthPlugin
2025-09-01 09:24:50,169 - INFO - package: mysql.connector.plugins
2025-09-01 09:24:50,169 - INFO - plugin_name: caching_sha2_password
2025-09-01 09:24:50,169 - INFO - AUTHENTICATION_PLUGIN_CLASS: MySQLCachingSHA2PasswordAuthPlugin
2025-09-01 09:24:55,062 - INFO - Manager 'AHMET' logged in.
2025-09-01 09:24:56,325 - INFO - [StandingCarry] None to carry for venue=2, voyage=SU533, date=2025-09-01.
2025-09-01 09:24:57,696 - INFO - Loaded 9 allergies
2025-09-01 09:24:57,696 - INFO - Populated allergy combobox with 9 items
2025-09-02 00:20:57,616 - INFO - Database path set to: C:\Users\Ahmet Saygin VAROL\PycharmProjects\orders.db
2025-09-02 00:20:57,616 - INFO - DB init done.
2025-09-02 00:20:57,805 - INFO - Database path set to: C:\Users\Ahmet Saygin VAROL\PycharmProjects\orders.db
2025-09-02 00:20:57,914 - INFO - package: mysql.connector.plugins
2025-09-02 00:20:57,914 - INFO - plugin_name: mysql_native_password
2025-09-02 00:20:57,914 - INFO - AUTHENTICATION_PLUGIN_CLASS: MySQLNativePasswordAuthPlugin
2025-09-02 00:20:57,914 - INFO - package: mysql.connector.plugins
2025-09-02 00:20:57,914 - INFO - plugin_name: caching_sha2_password
2025-09-02 00:20:57,914 - INFO - AUTHENTICATION_PLUGIN_CLASS: MySQLCachingSHA2PasswordAuthPlugin
2025-09-02 00:21:01,816 - INFO - Manager 'AHMET' logged in.
2025-09-02 00:21:02,862 - INFO - [StandingCarry] None to carry for venue=2, voyage=SU533, date=2025-09-01.
2025-09-02 00:21:04,342 - INFO - Loaded 9 allergies
2025-09-02 00:21:04,343 - INFO - Populated allergy combobox with 9 items
2025-09-02 01:13:12,293 - INFO - Database path set to: C:\Users\Ahmet Saygin VAROL\PycharmProjects\orders.db
2025-09-02 01:13:12,306 - INFO - DB init done.
2025-09-02 01:13:12,460 - INFO - Database path set to: C:\Users\Ahmet Saygin VAROL\PycharmProjects\orders.db
2025-09-02 01:13:12,626 - INFO - package: mysql.connector.plugins
2025-09-02 01:13:12,626 - INFO - plugin_name: mysql_native_password
2025-09-02 01:13:12,628 - INFO - AUTHENTICATION_PLUGIN_CLASS: MySQLNativePasswordAuthPlugin
2025-09-02 01:13:12,629 - INFO - package: mysql.connector.plugins
2025-09-02 01:13:12,629 - INFO - plugin_name: caching_sha2_password
2025-09-02 01:13:12,629 - INFO - AUTHENTICATION_PLUGIN_CLASS: MySQLCachingSHA2PasswordAuthPlugin
2025-09-02 02:18:53,749 - INFO - Database path set to: C:\Users\Ahmet Saygin VAROL\PycharmProjects\orders.db
2025-09-02 02:18:53,763 - INFO - DB init done.
2025-09-02 02:18:53,927 - INFO - Database path set to: C:\Users\Ahmet Saygin VAROL\PycharmProjects\orders.db
2025-09-02 02:18:54,136 - INFO - package: mysql.connector.plugins
2025-09-02 02:18:54,136 - INFO - plugin_name: mysql_native_password
2025-09-02 02:18:54,138 - INFO - AUTHENTICATION_PLUGIN_CLASS: MySQLNativePasswordAuthPlugin
2025-09-02 02:18:54,139 - INFO - package: mysql.connector.plugins
2025-09-02 02:18:54,139 - INFO - plugin_name: caching_sha2_password
2025-09-02 02:18:54,139 - INFO - AUTHENTICATION_PLUGIN_CLASS: MySQLCachingSHA2PasswordAuthPlugin
2025-09-02 02:18:59,051 - INFO - Manager 'AHMET' logged in.
2025-09-02 02:19:00,239 - INFO - [StandingCarry] None to carry for venue=2, voyage=SU533, date=2025-09-01.
2025-09-02 02:19:01,629 - INFO - Loaded 9 allergies
2025-09-02 02:19:01,630 - INFO - Populated allergy combobox with 9 items
2025-09-03 01:59:06,173 - INFO - Database path set to: C:\Users\Ahmet Saygin VAROL\PycharmProjects\orders.db
2025-09-03 01:59:06,182 - INFO - DB init done.
2025-09-03 01:59:06,384 - INFO - Database path set to: C:\Users\Ahmet Saygin VAROL\PycharmProjects\orders.db
2025-09-03 01:59:06,580 - INFO - package: mysql.connector.plugins
2025-09-03 01:59:06,581 - INFO - plugin_name: mysql_native_password
2025-09-03 01:59:06,582 - INFO - AUTHENTICATION_PLUGIN_CLASS: MySQLNativePasswordAuthPlugin
2025-09-03 01:59:06,583 - INFO - package: mysql.connector.plugins
2025-09-03 01:59:06,583 - INFO - plugin_name: caching_sha2_password
2025-09-03 01:59:06,583 - INFO - AUTHENTICATION_PLUGIN_CLASS: MySQLCachingSHA2PasswordAuthPlugin
2025-09-03 02:10:46,835 - INFO - Database path set to: C:\Users\Ahmet Saygin VAROL\PycharmProjects\orders.db
2025-09-03 02:10:46,845 - INFO - DB init done.
2025-09-03 02:10:47,043 - INFO - Database path set to: C:\Users\Ahmet Saygin VAROL\PycharmProjects\orders.db
2025-09-03 02:10:47,194 - INFO - package: mysql.connector.plugins
2025-09-03 02:10:47,195 - INFO - plugin_name: mysql_native_password
2025-09-03 02:10:47,196 - INFO - AUTHENTICATION_PLUGIN_CLASS: MySQLNativePasswordAuthPlugin
2025-09-03 02:10:47,196 - INFO - package: mysql.connector.plugins
2025-09-03 02:10:47,197 - INFO - plugin_name: caching_sha2_password
2025-09-03 02:10:47,197 - INFO - AUTHENTICATION_PLUGIN_CLASS: MySQLCachingSHA2PasswordAuthPlugin
2025-09-04 01:15:32,320 - INFO - Database path set to: C:\Users\Ahmet Saygin VAROL\PycharmProjects\orders.db
2025-09-04 01:15:32,336 - INFO - DB init done.
2025-09-04 01:15:32,688 - INFO - Database path set to: C:\Users\Ahmet Saygin VAROL\PycharmProjects\orders.db
2025-09-04 01:15:33,055 - INFO - package: mysql.connector.plugins
2025-09-04 01:15:33,055 - INFO - plugin_name: mysql_native_password
2025-09-04 01:15:33,059 - INFO - AUTHENTICATION_PLUGIN_CLASS: MySQLNativePasswordAuthPlugin
2025-09-04 01:15:33,063 - INFO - package: mysql.connector.plugins
2025-09-04 01:15:33,064 - INFO - plugin_name: caching_sha2_password
2025-09-04 01:15:33,064 - INFO - AUTHENTICATION_PLUGIN_CLASS: MySQLCachingSHA2PasswordAuthPlugin
2025-09-04 01:21:35,480 - INFO - Database path set to: C:\Users\Ahmet Saygin VAROL\PycharmProjects\orders.db
2025-09-04 01:21:35,482 - INFO - DB init done.
2025-09-04 01:21:35,623 - INFO - Database path set to: C:\Users\Ahmet Saygin VAROL\PycharmProjects\orders.db
2025-09-04 01:21:35,807 - INFO - package: mysql.connector.plugins
2025-09-04 01:21:35,807 - INFO - plugin_name: mysql_native_password
2025-09-04 01:21:35,808 - INFO - AUTHENTICATION_PLUGIN_CLASS: MySQLNativePasswordAuthPlugin
2025-09-04 01:21:35,809 - INFO - package: mysql.connector.plugins
2025-09-04 01:21:35,809 - INFO - plugin_name: caching_sha2_password
2025-09-04 01:21:35,809 - INFO - AUTHENTICATION_PLUGIN_CLASS: MySQLCachingSHA2PasswordAuthPlugin
2025-09-04 01:49:18,049 - INFO - Database path set to: C:\Users\Ahmet Saygin VAROL\PycharmProjects\orders.db
2025-09-04 01:49:18,062 - INFO - DB init done.
2025-09-04 01:49:18,249 - INFO - Database path set to: C:\Users\Ahmet Saygin VAROL\PycharmProjects\orders.db
2025-09-04 01:49:18,423 - INFO - package: mysql.connector.plugins
2025-09-04 01:49:18,423 - INFO - plugin_name: mysql_native_password
2025-09-04 01:49:18,430 - INFO - AUTHENTICATION_PLUGIN_CLASS: MySQLNativePasswordAuthPlugin
2025-09-04 01:49:18,434 - INFO - package: mysql.connector.plugins
2025-09-04 01:49:18,434 - INFO - plugin_name: caching_sha2_password
2025-09-04 01:49:18,435 - INFO - AUTHENTICATION_PLUGIN_CLASS: MySQLCachingSHA2PasswordAuthPlugin
2025-09-04 01:49:24,189 - INFO - Manager 'AHMET' logged in.
2025-09-04 01:49:26,377 - INFO - [StandingCarry] None to carry for venue=2, voyage=SU533, date=2025-09-03.
2025-09-04 01:49:28,136 - INFO - Loaded 9 allergies
2025-09-04 01:49:28,136 - INFO - Populated allergy combobox with 9 items
2025-09-04 04:26:56,209 - INFO - Database path set to: C:\Users\Ahmet Saygin VAROL\PycharmProjects\orders.db
2025-09-04 04:26:56,218 - INFO - DB init done.
2025-09-04 04:26:56,438 - INFO - Database path set to: C:\Users\Ahmet Saygin VAROL\PycharmProjects\orders.db
2025-09-04 04:26:56,628 - INFO - package: mysql.connector.plugins
2025-09-04 04:26:56,628 - INFO - plugin_name: mysql_native_password
2025-09-04 04:26:56,629 - INFO - AUTHENTICATION_PLUGIN_CLASS: MySQLNativePasswordAuthPlugin
2025-09-04 04:26:56,630 - INFO - package: mysql.connector.plugins
2025-09-04 04:26:56,631 - INFO - plugin_name: caching_sha2_password
2025-09-04 04:26:56,631 - INFO - AUTHENTICATION_PLUGIN_CLASS: MySQLCachingSHA2PasswordAuthPlugin
2025-09-04 04:27:02,059 - INFO - Database path set to: C:\Users\Ahmet Saygin VAROL\PycharmProjects\orders.db
2025-09-04 04:27:02,060 - INFO - DB init done.
2025-09-04 04:27:02,195 - INFO - Database path set to: C:\Users\Ahmet Saygin VAROL\PycharmProjects\orders.db
2025-09-04 04:27:02,303 - INFO - package: mysql.connector.plugins
2025-09-04 04:27:02,303 - INFO - plugin_name: mysql_native_password
2025-09-04 04:27:02,304 - INFO - AUTHENTICATION_PLUGIN_CLASS: MySQLNativePasswordAuthPlugin
2025-09-04 04:27:02,305 - INFO - package: mysql.connector.plugins
2025-09-04 04:27:02,305 - INFO - plugin_name: caching_sha2_password
2025-09-04 04:27:02,305 - INFO - AUTHENTICATION_PLUGIN_CLASS: MySQLCachingSHA2PasswordAuthPlugin
2025-09-04 04:27:12,466 - INFO - Manager 'AHMET' logged in.
2025-09-04 04:27:15,334 - INFO - [StandingCarry] None to carry for venue=2, voyage=SU533, date=2025-09-04.
2025-09-04 04:27:16,752 - INFO - Loaded 9 allergies
2025-09-04 04:27:16,752 - INFO - Populated allergy combobox with 9 items
2025-09-04 04:27:28,321 - INFO - Database path set to: C:\Users\Ahmet Saygin VAROL\PycharmProjects\orders.db
2025-09-04 04:27:28,322 - INFO - DB init done.
2025-09-04 04:27:28,468 - INFO - Database path set to: C:\Users\Ahmet Saygin VAROL\PycharmProjects\orders.db
2025-09-04 04:27:28,559 - INFO - package: mysql.connector.plugins
2025-09-04 04:27:28,559 - INFO - plugin_name: mysql_native_password
2025-09-04 04:27:28,560 - INFO - AUTHENTICATION_PLUGIN_CLASS: MySQLNativePasswordAuthPlugin
2025-09-04 04:27:28,561 - INFO - package: mysql.connector.plugins
2025-09-04 04:27:28,561 - INFO - plugin_name: caching_sha2_password
2025-09-04 04:27:28,561 - INFO - AUTHENTICATION_PLUGIN_CLASS: MySQLCachingSHA2PasswordAuthPlugin
2025-09-04 04:29:47,915 - INFO - Database path set to: C:\Users\Ahmet Saygin VAROL\PycharmProjects\orders.db
2025-09-04 04:29:47,924 - INFO - DB init done.
2025-09-04 04:29:48,163 - INFO - Database path set to: C:\Users\Ahmet Saygin VAROL\PycharmProjects\orders.db
2025-09-04 04:29:48,312 - INFO - package: mysql.connector.plugins
2025-09-04 04:29:48,312 - INFO - plugin_name: mysql_native_password
2025-09-04 04:29:48,314 - INFO - AUTHENTICATION_PLUGIN_CLASS: MySQLNativePasswordAuthPlugin
2025-09-04 04:29:48,314 - INFO - package: mysql.connector.plugins
2025-09-04 04:29:48,315 - INFO - plugin_name: caching_sha2_password
2025-09-04 04:29:48,315 - INFO - AUTHENTICATION_PLUGIN_CLASS: MySQLCachingSHA2PasswordAuthPlugin
2025-09-04 04:32:23,552 - INFO - Database path set to: C:\Users\Ahmet Saygin VAROL\PycharmProjects\orders.db
2025-09-04 04:32:23,553 - INFO - DB init done.
2025-09-04 04:32:23,709 - INFO - Database path set to: C:\Users\Ahmet Saygin VAROL\PycharmProjects\orders.db
2025-09-04 04:32:23,844 - INFO - package: mysql.connector.plugins
2025-09-04 04:32:23,844 - INFO - plugin_name: mysql_native_password
2025-09-04 04:32:23,845 - INFO - AUTHENTICATION_PLUGIN_CLASS: MySQLNativePasswordAuthPlugin
2025-09-04 04:32:23,846 - INFO - package: mysql.connector.plugins
2025-09-04 04:32:23,846 - INFO - plugin_name: caching_sha2_password
2025-09-04 04:32:23,846 - INFO - AUTHENTICATION_PLUGIN_CLASS: MySQLCachingSHA2PasswordAuthPlugin
2025-09-04 04:32:36,690 - INFO - Manager 'AHMET' logged in.
2025-09-04 04:32:39,154 - INFO - [StandingCarry] None to carry for venue=2, voyage=SU533, date=2025-09-04.
2025-09-04 04:32:40,508 - INFO - Loaded 9 allergies
2025-09-04 04:32:40,508 - INFO - Populated allergy combobox with 9 items
2025-09-04 04:32:47,064 - INFO - Database path set to: C:\Users\Ahmet Saygin VAROL\PycharmProjects\orders.db
2025-09-04 04:32:47,066 - INFO - DB init done.
2025-09-04 04:32:47,200 - INFO - Database path set to: C:\Users\Ahmet Saygin VAROL\PycharmProjects\orders.db
2025-09-04 04:32:47,298 - INFO - package: mysql.connector.plugins
2025-09-04 04:32:47,298 - INFO - plugin_name: mysql_native_password
2025-09-04 04:32:47,299 - INFO - AUTHENTICATION_PLUGIN_CLASS: MySQLNativePasswordAuthPlugin
2025-09-04 04:32:47,300 - INFO - package: mysql.connector.plugins
2025-09-04 04:32:47,300 - INFO - plugin_name: caching_sha2_password
2025-09-04 04:32:47,300 - INFO - AUTHENTICATION_PLUGIN_CLASS: MySQLCachingSHA2PasswordAuthPlugin
2025-09-04 04:33:22,700 - INFO - Manager 'AHMET' logged in.
2025-09-04 04:33:24,063 - INFO - [StandingCarry] None to carry for venue=2, voyage=SU533, date=2025-09-04.
2025-09-04 04:33:25,431 - INFO - Loaded 9 allergies
2025-09-04 04:33:25,431 - INFO - Populated allergy combobox with 9 items
2025-09-05 01:20:19,756 - INFO - Database path set to: C:\Users\Ahmet Saygin VAROL\PycharmProjects\orders.db
2025-09-05 01:20:19,777 - INFO - DB init done.
2025-09-05 01:20:19,953 - INFO - Database path set to: C:\Users\Ahmet Saygin VAROL\PycharmProjects\orders.db
2025-09-05 01:20:20,070 - INFO - package: mysql.connector.plugins
2025-09-05 01:20:20,071 - INFO - plugin_name: mysql_native_password
2025-09-05 01:20:20,071 - INFO - AUTHENTICATION_PLUGIN_CLASS: MySQLNativePasswordAuthPlugin
2025-09-05 01:20:20,072 - INFO - package: mysql.connector.plugins
2025-09-05 01:20:20,072 - INFO - plugin_name: caching_sha2_password
2025-09-05 01:20:20,072 - INFO - AUTHENTICATION_PLUGIN_CLASS: MySQLCachingSHA2PasswordAuthPlugin
2025-09-05 01:20:26,075 - INFO - Manager 'AHMET' logged in.
2025-09-05 01:20:28,261 - INFO - [StandingCarry] None to carry for venue=2, voyage=SU533, date=2025-09-04.
2025-09-05 01:20:29,703 - INFO - Loaded 9 allergies
2025-09-05 01:20:29,703 - INFO - Populated allergy combobox with 9 items
2025-09-05 01:30:23,527 - INFO - Database path set to: C:\Users\Ahmet Saygin VAROL\PycharmProjects\orders.db
2025-09-05 01:30:23,539 - INFO - DB init done.
2025-09-05 01:30:23,698 - INFO - Database path set to: C:\Users\Ahmet Saygin VAROL\PycharmProjects\orders.db
2025-09-05 01:30:23,812 - INFO - package: mysql.connector.plugins
2025-09-05 01:30:23,812 - INFO - plugin_name: mysql_native_password
2025-09-05 01:30:23,813 - INFO - AUTHENTICATION_PLUGIN_CLASS: MySQLNativePasswordAuthPlugin
2025-09-05 01:30:23,814 - INFO - package: mysql.connector.plugins
2025-09-05 01:30:23,814 - INFO - plugin_name: caching_sha2_password
2025-09-05 01:30:23,814 - INFO - AUTHENTICATION_PLUGIN_CLASS: MySQLCachingSHA2PasswordAuthPlugin
2025-09-05 01:30:31,467 - INFO - Manager 'AHMET' logged in.
2025-09-05 01:30:33,167 - INFO - [StandingCarry] None to carry for venue=2, voyage=SU533, date=2025-09-04.
2025-09-05 01:30:34,602 - INFO - Loaded 10 allergies
2025-09-05 01:30:34,602 - INFO - Populated allergy combobox with 10 items
2025-09-05 01:33:49,482 - INFO - Database path set to: C:\Users\Ahmet Saygin VAROL\PycharmProjects\orders.db
2025-09-05 01:33:49,483 - INFO - DB init done.
2025-09-05 01:33:49,632 - INFO - Database path set to: C:\Users\Ahmet Saygin VAROL\PycharmProjects\orders.db
2025-09-05 01:33:49,799 - INFO - package: mysql.connector.plugins
2025-09-05 01:33:49,799 - INFO - plugin_name: mysql_native_password
2025-09-05 01:33:49,800 - INFO - AUTHENTICATION_PLUGIN_CLASS: MySQLNativePasswordAuthPlugin
2025-09-05 01:33:49,800 - INFO - package: mysql.connector.plugins
2025-09-05 01:33:49,800 - INFO - plugin_name: caching_sha2_password
2025-09-05 01:33:49,800 - INFO - AUTHENTICATION_PLUGIN_CLASS: MySQLCachingSHA2PasswordAuthPlugin
2025-09-05 01:33:54,181 - INFO - Manager 'AHMET' logged in.
2025-09-05 01:33:55,731 - INFO - [StandingCarry] None to carry for venue=2, voyage=SU533, date=2025-09-04.
2025-09-05 01:33:57,171 - INFO - Loaded 10 allergies
2025-09-05 01:33:57,171 - INFO - Populated allergy combobox with 10 items
2025-09-05 01:37:45,121 - INFO - Database path set to: C:\Users\Ahmet Saygin VAROL\PycharmProjects\orders.db
2025-09-05 01:37:45,122 - INFO - DB init done.
2025-09-05 01:37:45,274 - INFO - Database path set to: C:\Users\Ahmet Saygin VAROL\PycharmProjects\orders.db
2025-09-05 01:37:45,447 - INFO - package: mysql.connector.plugins
2025-09-05 01:37:45,447 - INFO - plugin_name: mysql_native_password
2025-09-05 01:37:45,448 - INFO - AUTHENTICATION_PLUGIN_CLASS: MySQLNativePasswordAuthPlugin
2025-09-05 01:37:45,448 - INFO - package: mysql.connector.plugins
2025-09-05 01:37:45,449 - INFO - plugin_name: caching_sha2_password
2025-09-05 01:37:45,449 - INFO - AUTHENTICATION_PLUGIN_CLASS: MySQLCachingSHA2PasswordAuthPlugin
2025-09-05 01:38:03,977 - INFO - Manager 'AHMET' logged in.
2025-09-05 01:38:06,453 - INFO - [StandingCarry] None to carry for venue=2, voyage=SU533, date=2025-09-04.
2025-09-05 01:38:07,954 - INFO - Loaded 10 allergies
2025-09-05 01:38:07,955 - INFO - Populated allergy combobox with 10 items
2025-09-05 01:38:12,840 - INFO - Database path set to: C:\Users\Ahmet Saygin VAROL\PycharmProjects\orders.db
2025-09-05 01:38:12,842 - INFO - DB init done.
2025-09-05 01:38:12,985 - INFO - Database path set to: C:\Users\Ahmet Saygin VAROL\PycharmProjects\orders.db
2025-09-05 01:38:13,094 - INFO - package: mysql.connector.plugins
2025-09-05 01:38:13,094 - INFO - plugin_name: mysql_native_password
2025-09-05 01:38:13,095 - INFO - AUTHENTICATION_PLUGIN_CLASS: MySQLNativePasswordAuthPlugin
2025-09-05 01:38:13,096 - INFO - package: mysql.connector.plugins
2025-09-05 01:38:13,096 - INFO - plugin_name: caching_sha2_password
2025-09-05 01:38:13,096 - INFO - AUTHENTICATION_PLUGIN_CLASS: MySQLCachingSHA2PasswordAuthPlugin
2025-09-05 01:38:18,936 - INFO - Manager 'AHMET' logged in.
2025-09-05 01:38:22,153 - INFO - [StandingCarry] None to carry for venue=2, voyage=SU533, date=2025-09-04.
2025-09-05 01:38:23,553 - INFO - Loaded 10 allergies
2025-09-05 01:38:23,553 - INFO - Populated allergy combobox with 10 items
2025-09-05 01:38:50,626 - INFO - Database path set to: C:\Users\Ahmet Saygin VAROL\PycharmProjects\orders.db
2025-09-05 01:38:50,628 - INFO - DB init done.
2025-09-05 01:38:50,776 - INFO - Database path set to: C:\Users\Ahmet Saygin VAROL\PycharmProjects\orders.db
2025-09-05 01:38:50,888 - INFO - package: mysql.connector.plugins
2025-09-05 01:38:50,889 - INFO - plugin_name: mysql_native_password
2025-09-05 01:38:50,889 - INFO - AUTHENTICATION_PLUGIN_CLASS: MySQLNativePasswordAuthPlugin
2025-09-05 01:38:50,890 - INFO - package: mysql.connector.plugins
2025-09-05 01:38:50,890 - INFO - plugin_name: caching_sha2_password
2025-09-05 01:38:50,890 - INFO - AUTHENTICATION_PLUGIN_CLASS: MySQLCachingSHA2PasswordAuthPlugin
2025-09-05 01:38:55,667 - INFO - Manager 'AHMET' logged in.
2025-09-05 01:40:41,127 - INFO - Database path set to: C:\Users\Ahmet Saygin VAROL\PycharmProjects\orders.db
2025-09-05 01:40:41,129 - INFO - DB init done.
2025-09-05 01:40:41,274 - INFO - Database path set to: C:\Users\Ahmet Saygin VAROL\PycharmProjects\orders.db
2025-09-05 01:40:41,446 - INFO - package: mysql.connector.plugins
2025-09-05 01:40:41,446 - INFO - plugin_name: mysql_native_password
2025-09-05 01:40:41,447 - INFO - AUTHENTICATION_PLUGIN_CLASS: MySQLNativePasswordAuthPlugin
2025-09-05 01:40:41,447 - INFO - package: mysql.connector.plugins
2025-09-05 01:40:41,448 - INFO - plugin_name: caching_sha2_password
2025-09-05 01:40:41,448 - INFO - AUTHENTICATION_PLUGIN_CLASS: MySQLCachingSHA2PasswordAuthPlugin
2025-09-05 01:40:50,011 - INFO - Manager 'AHMET' logged in.
2025-09-05 01:42:51,458 - INFO - Database path set to: C:\Users\Ahmet Saygin VAROL\PycharmProjects\orders.db
2025-09-05 01:42:51,460 - INFO - DB init done.
2025-09-05 01:42:51,647 - INFO - Database path set to: C:\Users\Ahmet Saygin VAROL\PycharmProjects\orders.db
2025-09-05 01:42:51,817 - INFO - package: mysql.connector.plugins
2025-09-05 01:42:51,817 - INFO - plugin_name: mysql_native_password
2025-09-05 01:42:51,817 - INFO - AUTHENTICATION_PLUGIN_CLASS: MySQLNativePasswordAuthPlugin
2025-09-05 01:42:51,818 - INFO - package: mysql.connector.plugins
2025-09-05 01:42:51,818 - INFO - plugin_name: caching_sha2_password
2025-09-05 01:42:51,818 - INFO - AUTHENTICATION_PLUGIN_CLASS: MySQLCachingSHA2PasswordAuthPlugin
2025-09-05 01:43:43,128 - INFO - Database path set to: C:\Users\Ahmet Saygin VAROL\PycharmProjects\orders.db
2025-09-05 01:43:43,129 - INFO - DB init done.
2025-09-05 01:43:43,289 - INFO - Database path set to: C:\Users\Ahmet Saygin VAROL\PycharmProjects\orders.db
2025-09-05 01:43:43,403 - INFO - package: mysql.connector.plugins
2025-09-05 01:43:43,403 - INFO - plugin_name: mysql_native_password
2025-09-05 01:43:43,404 - INFO - AUTHENTICATION_PLUGIN_CLASS: MySQLNativePasswordAuthPlugin
2025-09-05 01:43:43,405 - INFO - package: mysql.connector.plugins
2025-09-05 01:43:43,405 - INFO - plugin_name: caching_sha2_password
2025-09-05 01:43:43,405 - INFO - AUTHENTICATION_PLUGIN_CLASS: MySQLCachingSHA2PasswordAuthPlugin
2025-09-05 01:43:52,758 - WARNING - Failed login attempt for AHMET.
2025-09-05 01:43:57,453 - WARNING - Failed login attempt for AHMET.
2025-09-05 01:44:03,121 - INFO - Manager 'AHMET' logged in.
2025-09-05 01:44:08,006 - INFO - [StandingCarry] None to carry for venue=2, voyage=SU533, date=2025-09-04.
2025-09-05 01:44:09,715 - INFO - Loaded 10 allergies
2025-09-05 01:44:09,716 - INFO - Populated allergy combobox with 10 items
2025-09-05 01:44:36,640 - INFO - Database path set to: C:\Users\Ahmet Saygin VAROL\PycharmProjects\orders.db
2025-09-05 01:44:36,642 - INFO - DB init done.
2025-09-05 01:44:36,796 - INFO - Database path set to: C:\Users\Ahmet Saygin VAROL\PycharmProjects\orders.db
2025-09-05 01:44:36,917 - INFO - package: mysql.connector.plugins
2025-09-05 01:44:36,918 - INFO - plugin_name: mysql_native_password
2025-09-05 01:44:36,918 - INFO - AUTHENTICATION_PLUGIN_CLASS: MySQLNativePasswordAuthPlugin
2025-09-05 01:44:36,919 - INFO - package: mysql.connector.plugins
2025-09-05 01:44:36,919 - INFO - plugin_name: caching_sha2_password
2025-09-05 01:44:36,919 - INFO - AUTHENTICATION_PLUGIN_CLASS: MySQLCachingSHA2PasswordAuthPlugin
2025-09-05 01:44:46,453 - INFO - Database path set to: C:\Users\Ahmet Saygin VAROL\PycharmProjects\orders.db
2025-09-05 01:44:46,455 - INFO - DB init done.
2025-09-05 01:44:46,598 - INFO - Database path set to: C:\Users\Ahmet Saygin VAROL\PycharmProjects\orders.db
2025-09-05 01:44:46,703 - INFO - package: mysql.connector.plugins
2025-09-05 01:44:46,703 - INFO - plugin_name: mysql_native_password
2025-09-05 01:44:46,704 - INFO - AUTHENTICATION_PLUGIN_CLASS: MySQLNativePasswordAuthPlugin
2025-09-05 01:44:46,704 - INFO - package: mysql.connector.plugins
2025-09-05 01:44:46,705 - INFO - plugin_name: caching_sha2_password
2025-09-05 01:44:46,705 - INFO - AUTHENTICATION_PLUGIN_CLASS: MySQLCachingSHA2PasswordAuthPlugin
2025-09-05 01:44:52,450 - INFO - Manager 'AHMET' logged in.
2025-09-05 01:44:54,459 - INFO - [StandingCarry] None to carry for venue=2, voyage=SU533, date=2025-09-04.
2025-09-05 01:44:55,897 - INFO - Loaded 10 allergies
2025-09-05 01:44:55,897 - INFO - Populated allergy combobox with 10 items
2025-09-06 00:44:44,983 - INFO - Database path set to: C:\Users\Ahmet Saygin VAROL\PycharmProjects\orders.db
2025-09-06 00:44:44,993 - INFO - DB init done.
2025-09-06 00:44:45,209 - INFO - Database path set to: C:\Users\Ahmet Saygin VAROL\PycharmProjects\orders.db
2025-09-06 00:44:45,440 - INFO - package: mysql.connector.plugins
2025-09-06 00:44:45,440 - INFO - plugin_name: mysql_native_password
2025-09-06 00:44:45,442 - INFO - AUTHENTICATION_PLUGIN_CLASS: MySQLNativePasswordAuthPlugin
2025-09-06 00:44:45,443 - INFO - package: mysql.connector.plugins
2025-09-06 00:44:45,443 - INFO - plugin_name: caching_sha2_password
2025-09-06 00:44:45,443 - INFO - AUTHENTICATION_PLUGIN_CLASS: MySQLCachingSHA2PasswordAuthPlugin
2025-09-06 01:03:46,389 - INFO - Database path set to: C:\Users\Ahmet Saygin VAROL\PycharmProjects\orders.db
2025-09-06 01:03:46,393 - INFO - DB init done.
2025-09-06 01:03:46,535 - INFO - Database path set to: C:\Users\Ahmet Saygin VAROL\PycharmProjects\orders.db
2025-09-06 01:03:46,659 - INFO - package: mysql.connector.plugins
2025-09-06 01:03:46,659 - INFO - plugin_name: mysql_native_password
2025-09-06 01:03:46,660 - INFO - AUTHENTICATION_PLUGIN_CLASS: MySQLNativePasswordAuthPlugin
2025-09-06 01:03:46,660 - INFO - package: mysql.connector.plugins
2025-09-06 01:03:46,660 - INFO - plugin_name: caching_sha2_password
2025-09-06 01:03:46,660 - INFO - AUTHENTICATION_PLUGIN_CLASS: MySQLCachingSHA2PasswordAuthPlugin
2025-09-06 01:04:50,748 - INFO - Database path set to: C:\Users\Ahmet Saygin VAROL\PycharmProjects\orders.db
2025-09-06 01:04:50,749 - INFO - DB init done.
2025-09-06 01:04:50,875 - INFO - Database path set to: C:\Users\Ahmet Saygin VAROL\PycharmProjects\orders.db
2025-09-06 01:04:50,974 - INFO - package: mysql.connector.plugins
2025-09-06 01:04:50,974 - INFO - plugin_name: mysql_native_password
2025-09-06 01:04:50,975 - INFO - AUTHENTICATION_PLUGIN_CLASS: MySQLNativePasswordAuthPlugin
2025-09-06 01:04:50,975 - INFO - package: mysql.connector.plugins
2025-09-06 01:04:50,975 - INFO - plugin_name: caching_sha2_password
2025-09-06 01:04:50,975 - INFO - AUTHENTICATION_PLUGIN_CLASS: MySQLCachingSHA2PasswordAuthPlugin
2025-09-06 01:04:58,481 - INFO - Database path set to: C:\Users\Ahmet Saygin VAROL\PycharmProjects\orders.db
2025-09-06 01:04:58,482 - INFO - DB init done.
2025-09-06 01:04:58,616 - INFO - Database path set to: C:\Users\Ahmet Saygin VAROL\PycharmProjects\orders.db
2025-09-06 01:04:58,713 - INFO - package: mysql.connector.plugins
2025-09-06 01:04:58,714 - INFO - plugin_name: mysql_native_password
2025-09-06 01:04:58,714 - INFO - AUTHENTICATION_PLUGIN_CLASS: MySQLNativePasswordAuthPlugin
2025-09-06 01:04:58,715 - INFO - package: mysql.connector.plugins
2025-09-06 01:04:58,715 - INFO - plugin_name: caching_sha2_password
2025-09-06 01:04:58,715 - INFO - AUTHENTICATION_PLUGIN_CLASS: MySQLCachingSHA2PasswordAuthPlugin
2025-09-06 01:06:14,202 - INFO - Database path set to: C:\Users\Ahmet Saygin VAROL\PycharmProjects\orders.db
2025-09-06 01:06:14,203 - INFO - DB init done.
2025-09-06 01:06:14,347 - INFO - Database path set to: C:\Users\Ahmet Saygin VAROL\PycharmProjects\orders.db
2025-09-06 01:06:14,465 - INFO - package: mysql.connector.plugins
2025-09-06 01:06:14,465 - INFO - plugin_name: mysql_native_password
2025-09-06 01:06:14,466 - INFO - AUTHENTICATION_PLUGIN_CLASS: MySQLNativePasswordAuthPlugin
2025-09-06 01:06:14,467 - INFO - package: mysql.connector.plugins
2025-09-06 01:06:14,467 - INFO - plugin_name: caching_sha2_password
2025-09-06 01:06:14,467 - INFO - AUTHENTICATION_PLUGIN_CLASS: MySQLCachingSHA2PasswordAuthPlugin
2025-09-06 01:06:26,536 - INFO - [StandingCarry] None to carry for venue=2, voyage=SU533, date=2025-09-05.
2025-09-06 01:06:28,116 - INFO - Loaded 10 allergies
2025-09-06 01:06:28,116 - INFO - Populated allergy combobox with 10 items
2025-09-06 01:06:39,683 - INFO - [StandingCarry] None to carry for venue=2, voyage=SU533, date=2025-09-05.
2025-09-06 01:06:41,250 - INFO - Loaded 10 allergies
2025-09-06 01:06:41,250 - INFO - Populated allergy combobox with 10 items
2025-09-06 01:06:43,095 - INFO - Manager logged out.
2025-09-06 01:10:24,022 - INFO - Database path set to: C:\Users\Ahmet Saygin VAROL\PycharmProjects\orders.db
2025-09-06 01:10:24,023 - INFO - DB init done.
2025-09-06 01:10:24,235 - INFO - Database path set to: C:\Users\Ahmet Saygin VAROL\PycharmProjects\orders.db
2025-09-06 01:10:24,406 - INFO - package: mysql.connector.plugins
2025-09-06 01:10:24,406 - INFO - plugin_name: mysql_native_password
2025-09-06 01:10:24,407 - INFO - AUTHENTICATION_PLUGIN_CLASS: MySQLNativePasswordAuthPlugin
2025-09-06 01:10:24,409 - INFO - package: mysql.connector.plugins
2025-09-06 01:10:24,409 - INFO - plugin_name: caching_sha2_password
2025-09-06 01:10:24,409 - INFO - AUTHENTICATION_PLUGIN_CLASS: MySQLCachingSHA2PasswordAuthPlugin
2025-09-06 01:10:38,509 - INFO - Database path set to: C:\Users\Ahmet Saygin VAROL\PycharmProjects\orders.db
2025-09-06 01:10:38,511 - INFO - DB init done.
2025-09-06 01:10:38,644 - INFO - Database path set to: C:\Users\Ahmet Saygin VAROL\PycharmProjects\orders.db
2025-09-06 01:10:38,755 - INFO - package: mysql.connector.plugins
2025-09-06 01:10:38,756 - INFO - plugin_name: mysql_native_password
2025-09-06 01:10:38,757 - INFO - AUTHENTICATION_PLUGIN_CLASS: MySQLNativePasswordAuthPlugin
2025-09-06 01:10:38,758 - INFO - package: mysql.connector.plugins
2025-09-06 01:10:38,758 - INFO - plugin_name: caching_sha2_password
2025-09-06 01:10:38,758 - INFO - AUTHENTICATION_PLUGIN_CLASS: MySQLCachingSHA2PasswordAuthPlugin
2025-09-06 07:27:03,225 - INFO - Database path set to: C:\Users\Ahmet Saygin VAROL\PycharmProjects\orders.db
2025-09-06 07:27:03,239 - INFO - DB init done.
2025-09-06 07:27:03,454 - INFO - Database path set to: C:\Users\Ahmet Saygin VAROL\PycharmProjects\orders.db
2025-09-06 07:27:07,680 - INFO - Manager 'AHMET' logged in.
2025-09-06 07:27:09,214 - INFO - Manager logged out.
2025-09-07 00:51:30,885 - INFO - Database path set to: C:\Users\Ahmet Saygin VAROL\PycharmProjects\orders.db
2025-09-07 00:51:30,895 - INFO - DB init done.
2025-09-07 00:51:31,103 - INFO - Database path set to: C:\Users\Ahmet Saygin VAROL\PycharmProjects\orders.db
2025-09-07 00:51:31,262 - INFO - package: mysql.connector.plugins
2025-09-07 00:51:31,262 - INFO - plugin_name: mysql_native_password
2025-09-07 00:51:31,264 - INFO - AUTHENTICATION_PLUGIN_CLASS: MySQLNativePasswordAuthPlugin
2025-09-07 00:51:31,266 - INFO - package: mysql.connector.plugins
2025-09-07 00:51:31,267 - INFO - plugin_name: caching_sha2_password
2025-09-07 00:51:31,267 - INFO - AUTHENTICATION_PLUGIN_CLASS: MySQLCachingSHA2PasswordAuthPlugin
2025-09-07 00:51:37,268 - INFO - Manager 'AHMET' logged in.
2025-09-07 00:51:39,471 - INFO - [StandingCarry] None to carry for venue=2, voyage=SU533, date=2025-09-06.
2025-09-07 00:51:40,881 - INFO - Loaded 10 allergies
2025-09-07 00:51:40,882 - INFO - Populated allergy combobox with 10 items
2025-09-07 00:53:59,518 - INFO - Database path set to: C:\Users\Ahmet Saygin VAROL\PycharmProjects\orders.db
2025-09-07 00:53:59,520 - INFO - DB init done.
2025-09-07 00:53:59,663 - INFO - Database path set to: C:\Users\Ahmet Saygin VAROL\PycharmProjects\orders.db
2025-09-07 00:53:59,838 - INFO - package: mysql.connector.plugins
2025-09-07 00:53:59,838 - INFO - plugin_name: mysql_native_password
2025-09-07 00:53:59,839 - INFO - AUTHENTICATION_PLUGIN_CLASS: MySQLNativePasswordAuthPlugin
2025-09-07 00:53:59,839 - INFO - package: mysql.connector.plugins
2025-09-07 00:53:59,839 - INFO - plugin_name: caching_sha2_password
2025-09-07 00:53:59,839 - INFO - AUTHENTICATION_PLUGIN_CLASS: MySQLCachingSHA2PasswordAuthPlugin
2025-09-07 00:54:03,825 - INFO - Manager 'AHMET' logged in.
2025-09-07 00:54:05,590 - INFO - [StandingCarry] None to carry for venue=2, voyage=SU533, date=2025-09-06.
2025-09-07 00:54:07,122 - INFO - Loaded 10 allergies
2025-09-07 00:54:07,122 - INFO - Populated allergy combobox with 10 items
2025-09-07 00:54:17,319 - INFO - Database path set to: C:\Users\Ahmet Saygin VAROL\PycharmProjects\orders.db
2025-09-07 00:54:17,321 - INFO - DB init done.
2025-09-07 00:54:17,456 - INFO - Database path set to: C:\Users\Ahmet Saygin VAROL\PycharmProjects\orders.db
2025-09-07 00:54:17,569 - INFO - package: mysql.connector.plugins
2025-09-07 00:54:17,569 - INFO - plugin_name: mysql_native_password
2025-09-07 00:54:17,570 - INFO - AUTHENTICATION_PLUGIN_CLASS: MySQLNativePasswordAuthPlugin
2025-09-07 00:54:17,571 - INFO - package: mysql.connector.plugins
2025-09-07 00:54:17,571 - INFO - plugin_name: caching_sha2_password
2025-09-07 00:54:17,571 - INFO - AUTHENTICATION_PLUGIN_CLASS: MySQLCachingSHA2PasswordAuthPlugin
2025-09-07 00:54:25,003 - INFO - Manager 'AHMET' logged in.
2025-09-07 00:54:28,000 - INFO - [StandingCarry] None to carry for venue=2, voyage=SU533, date=2025-09-06.
2025-09-07 00:54:29,556 - INFO - Loaded 10 allergies
2025-09-07 00:54:29,557 - INFO - Populated allergy combobox with 10 items
2025-09-07 00:56:49,196 - INFO - Database path set to: C:\Users\Ahmet Saygin VAROL\PycharmProjects\orders.db
2025-09-07 00:56:49,198 - INFO - DB init done.
2025-09-07 00:56:49,349 - INFO - Database path set to: C:\Users\Ahmet Saygin VAROL\PycharmProjects\orders.db
2025-09-07 00:56:49,513 - INFO - package: mysql.connector.plugins
2025-09-07 00:56:49,514 - INFO - plugin_name: mysql_native_password
2025-09-07 00:56:49,514 - INFO - AUTHENTICATION_PLUGIN_CLASS: MySQLNativePasswordAuthPlugin
2025-09-07 00:56:49,515 - INFO - package: mysql.connector.plugins
2025-09-07 00:56:49,515 - INFO - plugin_name: caching_sha2_password
2025-09-07 00:56:49,515 - INFO - AUTHENTICATION_PLUGIN_CLASS: MySQLCachingSHA2PasswordAuthPlugin
2025-09-07 01:00:15,865 - INFO - Database path set to: C:\Users\Ahmet Saygin VAROL\PycharmProjects\orders.db
2025-09-07 01:00:15,877 - INFO - DB init done.
2025-09-07 01:00:16,087 - INFO - Database path set to: C:\Users\Ahmet Saygin VAROL\PycharmProjects\orders.db
2025-09-07 01:00:16,257 - INFO - package: mysql.connector.plugins
2025-09-07 01:00:16,257 - INFO - plugin_name: mysql_native_password
2025-09-07 01:00:16,259 - INFO - AUTHENTICATION_PLUGIN_CLASS: MySQLNativePasswordAuthPlugin
2025-09-07 01:00:16,260 - INFO - package: mysql.connector.plugins
2025-09-07 01:00:16,260 - INFO - plugin_name: caching_sha2_password
2025-09-07 01:00:16,261 - INFO - AUTHENTICATION_PLUGIN_CLASS: MySQLCachingSHA2PasswordAuthPlugin
2025-09-07 01:08:36,949 - INFO - Database path set to: C:\Users\Ahmet Saygin VAROL\PycharmProjects\orders.db
2025-09-07 01:08:36,951 - INFO - DB init done.
2025-09-07 01:08:37,181 - INFO - Database path set to: C:\Users\Ahmet Saygin VAROL\PycharmProjects\orders.db
2025-09-07 01:08:37,342 - INFO - package: mysql.connector.plugins
2025-09-07 01:08:37,342 - INFO - plugin_name: mysql_native_password
2025-09-07 01:08:37,343 - INFO - AUTHENTICATION_PLUGIN_CLASS: MySQLNativePasswordAuthPlugin
2025-09-07 01:08:37,344 - INFO - package: mysql.connector.plugins
2025-09-07 01:08:37,344 - INFO - plugin_name: caching_sha2_password
2025-09-07 01:08:37,344 - INFO - AUTHENTICATION_PLUGIN_CLASS: MySQLCachingSHA2PasswordAuthPlugin
2025-09-07 01:12:34,616 - INFO - Database path set to: C:\Users\Ahmet Saygin VAROL\PycharmProjects\orders.db
2025-09-07 01:12:34,618 - INFO - DB init done.
2025-09-07 01:12:34,757 - INFO - Database path set to: C:\Users\Ahmet Saygin VAROL\PycharmProjects\orders.db
2025-09-07 01:12:34,899 - INFO - package: mysql.connector.plugins
2025-09-07 01:12:34,899 - INFO - plugin_name: mysql_native_password
2025-09-07 01:12:34,900 - INFO - AUTHENTICATION_PLUGIN_CLASS: MySQLNativePasswordAuthPlugin
2025-09-07 01:12:34,901 - INFO - package: mysql.connector.plugins
2025-09-07 01:12:34,901 - INFO - plugin_name: caching_sha2_password
2025-09-07 01:12:34,901 - INFO - AUTHENTICATION_PLUGIN_CLASS: MySQLCachingSHA2PasswordAuthPlugin
2025-09-07 01:13:00,490 - INFO - Database path set to: C:\Users\Ahmet Saygin VAROL\PycharmProjects\orders.db
2025-09-07 01:13:00,492 - INFO - DB init done.
2025-09-07 01:13:00,649 - INFO - Database path set to: C:\Users\Ahmet Saygin VAROL\PycharmProjects\orders.db
2025-09-07 01:13:00,766 - INFO - package: mysql.connector.plugins
2025-09-07 01:13:00,766 - INFO - plugin_name: mysql_native_password
2025-09-07 01:13:00,767 - INFO - AUTHENTICATION_PLUGIN_CLASS: MySQLNativePasswordAuthPlugin
2025-09-07 01:13:00,767 - INFO - package: mysql.connector.plugins
2025-09-07 01:13:00,767 - INFO - plugin_name: caching_sha2_password
2025-09-07 01:13:00,768 - INFO - AUTHENTICATION_PLUGIN_CLASS: MySQLCachingSHA2PasswordAuthPlugin
2025-09-07 01:16:05,279 - INFO - Database path set to: C:\Users\Ahmet Saygin VAROL\PycharmProjects\orders.db
2025-09-07 01:16:05,281 - INFO - DB init done.
2025-09-07 01:16:05,426 - INFO - Database path set to: C:\Users\Ahmet Saygin VAROL\PycharmProjects\orders.db
2025-09-07 01:16:05,583 - INFO - package: mysql.connector.plugins
2025-09-07 01:16:05,583 - INFO - plugin_name: mysql_native_password
2025-09-07 01:16:05,584 - INFO - AUTHENTICATION_PLUGIN_CLASS: MySQLNativePasswordAuthPlugin
2025-09-07 01:16:05,585 - INFO - package: mysql.connector.plugins
2025-09-07 01:16:05,585 - INFO - plugin_name: caching_sha2_password
2025-09-07 01:16:05,585 - INFO - AUTHENTICATION_PLUGIN_CLASS: MySQLCachingSHA2PasswordAuthPlugin
2025-09-07 01:16:46,101 - INFO - Database path set to: C:\Users\Ahmet Saygin VAROL\PycharmProjects\orders.db
2025-09-07 01:16:46,102 - INFO - DB init done.
2025-09-07 01:16:46,243 - INFO - Database path set to: C:\Users\Ahmet Saygin VAROL\PycharmProjects\orders.db
2025-09-07 01:16:46,348 - INFO - package: mysql.connector.plugins
2025-09-07 01:16:46,349 - INFO - plugin_name: mysql_native_password
2025-09-07 01:16:46,350 - INFO - AUTHENTICATION_PLUGIN_CLASS: MySQLNativePasswordAuthPlugin
2025-09-07 01:16:46,350 - INFO - package: mysql.connector.plugins
2025-09-07 01:16:46,350 - INFO - plugin_name: caching_sha2_password
2025-09-07 01:16:46,350 - INFO - AUTHENTICATION_PLUGIN_CLASS: MySQLCachingSHA2PasswordAuthPlugin
2025-09-07 01:17:03,168 - INFO - Database path set to: C:\Users\Ahmet Saygin VAROL\PycharmProjects\orders.db
2025-09-07 01:17:03,170 - INFO - DB init done.
2025-09-07 01:17:03,307 - INFO - Database path set to: C:\Users\Ahmet Saygin VAROL\PycharmProjects\orders.db
2025-09-07 01:17:03,416 - INFO - package: mysql.connector.plugins
2025-09-07 01:17:03,416 - INFO - plugin_name: mysql_native_password
2025-09-07 01:17:03,417 - INFO - AUTHENTICATION_PLUGIN_CLASS: MySQLNativePasswordAuthPlugin
2025-09-07 01:17:03,418 - INFO - package: mysql.connector.plugins
2025-09-07 01:17:03,418 - INFO - plugin_name: caching_sha2_password
2025-09-07 01:17:03,418 - INFO - AUTHENTICATION_PLUGIN_CLASS: MySQLCachingSHA2PasswordAuthPlugin
2025-09-07 01:18:20,223 - INFO - Database path set to: C:\Users\Ahmet Saygin VAROL\PycharmProjects\orders.db
2025-09-07 01:18:20,225 - INFO - DB init done.
2025-09-07 01:18:20,449 - INFO - Database path set to: C:\Users\Ahmet Saygin VAROL\PycharmProjects\orders.db
2025-09-07 01:18:20,649 - INFO - package: mysql.connector.plugins
2025-09-07 01:18:20,651 - INFO - plugin_name: mysql_native_password
2025-09-07 01:18:20,655 - INFO - AUTHENTICATION_PLUGIN_CLASS: MySQLNativePasswordAuthPlugin
2025-09-07 01:18:20,656 - INFO - package: mysql.connector.plugins
2025-09-07 01:18:20,657 - INFO - plugin_name: caching_sha2_password
2025-09-07 01:18:20,657 - INFO - AUTHENTICATION_PLUGIN_CLASS: MySQLCachingSHA2PasswordAuthPlugin
2025-09-07 01:19:43,104 - INFO - Database path set to: C:\Users\Ahmet Saygin VAROL\PycharmProjects\orders.db
2025-09-07 01:19:43,105 - INFO - DB init done.
2025-09-07 01:19:43,246 - INFO - Database path set to: C:\Users\Ahmet Saygin VAROL\PycharmProjects\orders.db
2025-09-07 01:19:43,360 - INFO - package: mysql.connector.plugins
2025-09-07 01:19:43,360 - INFO - plugin_name: mysql_native_password
2025-09-07 01:19:43,361 - INFO - AUTHENTICATION_PLUGIN_CLASS: MySQLNativePasswordAuthPlugin
2025-09-07 01:19:43,362 - INFO - package: mysql.connector.plugins
2025-09-07 01:19:43,362 - INFO - plugin_name: caching_sha2_password
2025-09-07 01:19:43,362 - INFO - AUTHENTICATION_PLUGIN_CLASS: MySQLCachingSHA2PasswordAuthPlugin
2025-09-07 01:21:03,818 - INFO - Database path set to: C:\Users\Ahmet Saygin VAROL\PycharmProjects\orders.db
2025-09-07 01:21:03,819 - INFO - DB init done.
2025-09-07 01:21:03,996 - INFO - Database path set to: C:\Users\Ahmet Saygin VAROL\PycharmProjects\orders.db
2025-09-07 01:21:04,097 - INFO - package: mysql.connector.plugins
2025-09-07 01:21:04,097 - INFO - plugin_name: mysql_native_password
2025-09-07 01:21:04,098 - INFO - AUTHENTICATION_PLUGIN_CLASS: MySQLNativePasswordAuthPlugin
2025-09-07 01:21:04,098 - INFO - package: mysql.connector.plugins
2025-09-07 01:21:04,099 - INFO - plugin_name: caching_sha2_password
2025-09-07 01:21:04,099 - INFO - AUTHENTICATION_PLUGIN_CLASS: MySQLCachingSHA2PasswordAuthPlugin
2025-09-07 01:21:21,109 - INFO - [StandingCarry] None to carry for venue=2, voyage=SU533, date=2025-09-06.
2025-09-07 01:21:22,680 - INFO - Loaded 10 allergies
2025-09-07 01:21:22,681 - INFO - Populated allergy combobox with 10 items
2025-09-07 01:21:29,498 - INFO - [StandingCarry] None to carry for venue=2, voyage=SU533, date=2025-09-06.
2025-09-07 01:21:31,064 - INFO - Loaded 10 allergies
2025-09-07 01:21:31,064 - INFO - Populated allergy combobox with 10 items
2025-09-07 01:21:33,754 - INFO - Manager logged out.
2025-09-07 01:21:38,314 - INFO - Manager 'AHMET' logged in.
2025-09-07 01:21:40,141 - INFO - [StandingCarry] None to carry for venue=2, voyage=SU533, date=2025-09-06.
2025-09-07 01:21:41,662 - INFO - Loaded 10 allergies
2025-09-07 01:21:41,663 - INFO - Populated allergy combobox with 10 items
2025-09-07 01:22:16,107 - INFO - Database path set to: C:\Users\Ahmet Saygin VAROL\PycharmProjects\orders.db
2025-09-07 01:22:16,109 - INFO - DB init done.
2025-09-07 01:22:16,253 - INFO - Database path set to: C:\Users\Ahmet Saygin VAROL\PycharmProjects\orders.db
2025-09-07 01:22:16,380 - INFO - package: mysql.connector.plugins
2025-09-07 01:22:16,380 - INFO - plugin_name: mysql_native_password
2025-09-07 01:22:16,381 - INFO - AUTHENTICATION_PLUGIN_CLASS: MySQLNativePasswordAuthPlugin
2025-09-07 01:22:16,382 - INFO - package: mysql.connector.plugins
2025-09-07 01:22:16,382 - INFO - plugin_name: caching_sha2_password
2025-09-07 01:22:16,382 - INFO - AUTHENTICATION_PLUGIN_CLASS: MySQLCachingSHA2PasswordAuthPlugin
2025-09-07 01:23:09,912 - INFO - Database path set to: C:\Users\Ahmet Saygin VAROL\PycharmProjects\orders.db
2025-09-07 01:23:09,913 - INFO - DB init done.
2025-09-07 01:23:10,035 - INFO - Database path set to: C:\Users\Ahmet Saygin VAROL\PycharmProjects\orders.db
2025-09-07 01:23:10,133 - INFO - package: mysql.connector.plugins
2025-09-07 01:23:10,133 - INFO - plugin_name: mysql_native_password
2025-09-07 01:23:10,134 - INFO - AUTHENTICATION_PLUGIN_CLASS: MySQLNativePasswordAuthPlugin
2025-09-07 01:23:10,134 - INFO - package: mysql.connector.plugins
2025-09-07 01:23:10,134 - INFO - plugin_name: caching_sha2_password
2025-09-07 01:23:10,134 - INFO - AUTHENTICATION_PLUGIN_CLASS: MySQLCachingSHA2PasswordAuthPlugin
2025-09-07 01:23:20,783 - INFO - Database path set to: C:\Users\Ahmet Saygin VAROL\PycharmProjects\orders.db
2025-09-07 01:23:20,784 - INFO - DB init done.
2025-09-07 01:23:20,903 - INFO - Database path set to: C:\Users\Ahmet Saygin VAROL\PycharmProjects\orders.db
2025-09-07 01:23:21,014 - INFO - package: mysql.connector.plugins
2025-09-07 01:23:21,014 - INFO - plugin_name: mysql_native_password
2025-09-07 01:23:21,015 - INFO - AUTHENTICATION_PLUGIN_CLASS: MySQLNativePasswordAuthPlugin
2025-09-07 01:23:21,015 - INFO - package: mysql.connector.plugins
2025-09-07 01:23:21,015 - INFO - plugin_name: caching_sha2_password
2025-09-07 01:23:21,015 - INFO - AUTHENTICATION_PLUGIN_CLASS: MySQLCachingSHA2PasswordAuthPlugin
2025-09-07 01:23:28,125 - INFO - Database path set to: C:\Users\Ahmet Saygin VAROL\PycharmProjects\orders.db
2025-09-07 01:23:28,126 - INFO - DB init done.
2025-09-07 01:23:28,246 - INFO - Database path set to: C:\Users\Ahmet Saygin VAROL\PycharmProjects\orders.db
2025-09-07 01:23:28,338 - INFO - package: mysql.connector.plugins
2025-09-07 01:23:28,338 - INFO - plugin_name: mysql_native_password
2025-09-07 01:23:28,339 - INFO - AUTHENTICATION_PLUGIN_CLASS: MySQLNativePasswordAuthPlugin
2025-09-07 01:23:28,339 - INFO - package: mysql.connector.plugins
2025-09-07 01:23:28,339 - INFO - plugin_name: caching_sha2_password
2025-09-07 01:23:28,339 - INFO - AUTHENTICATION_PLUGIN_CLASS: MySQLCachingSHA2PasswordAuthPlugin
2025-09-07 01:24:01,468 - INFO - Database path set to: C:\Users\Ahmet Saygin VAROL\PycharmProjects\orders.db
2025-09-07 01:24:01,469 - INFO - DB init done.
2025-09-07 01:24:01,604 - INFO - Database path set to: C:\Users\Ahmet Saygin VAROL\PycharmProjects\orders.db
2025-09-07 01:24:01,722 - INFO - package: mysql.connector.plugins
2025-09-07 01:24:01,722 - INFO - plugin_name: mysql_native_password
2025-09-07 01:24:01,723 - INFO - AUTHENTICATION_PLUGIN_CLASS: MySQLNativePasswordAuthPlugin
2025-09-07 01:24:01,724 - INFO - package: mysql.connector.plugins
2025-09-07 01:24:01,724 - INFO - plugin_name: caching_sha2_password
2025-09-07 01:24:01,724 - INFO - AUTHENTICATION_PLUGIN_CLASS: MySQLCachingSHA2PasswordAuthPlugin
2025-09-07 01:29:01,922 - INFO - Database path set to: C:\Users\Ahmet Saygin VAROL\PycharmProjects\orders.db
2025-09-07 01:29:01,925 - INFO - DB init done.
2025-09-07 01:29:02,080 - INFO - Database path set to: C:\Users\Ahmet Saygin VAROL\PycharmProjects\orders.db
2025-09-07 01:30:43,427 - INFO - Database path set to: C:\Users\Ahmet Saygin VAROL\PycharmProjects\orders.db
2025-09-07 01:30:43,429 - INFO - DB init done.
2025-09-07 01:30:43,572 - INFO - Database path set to: C:\Users\Ahmet Saygin VAROL\PycharmProjects\orders.db
2025-09-07 01:32:44,066 - INFO - Database path set to: C:\Users\Ahmet Saygin VAROL\PycharmProjects\orders.db
2025-09-07 01:32:44,068 - INFO - DB init done.
2025-09-07 01:32:44,213 - INFO - Database path set to: C:\Users\Ahmet Saygin VAROL\PycharmProjects\orders.db
2025-09-07 01:33:04,333 - INFO - package: mysql.connector.plugins
2025-09-07 01:33:04,334 - INFO - plugin_name: mysql_native_password
2025-09-07 01:33:04,336 - INFO - AUTHENTICATION_PLUGIN_CLASS: MySQLNativePasswordAuthPlugin
2025-09-07 01:33:04,337 - INFO - package: mysql.connector.plugins
2025-09-07 01:33:04,337 - INFO - plugin_name: caching_sha2_password
2025-09-07 01:33:04,337 - INFO - AUTHENTICATION_PLUGIN_CLASS: MySQLCachingSHA2PasswordAuthPlugin
2025-09-07 01:34:12,603 - INFO - Database path set to: C:\Users\Ahmet Saygin VAROL\PycharmProjects\orders.db
2025-09-07 01:34:12,604 - INFO - DB init done.
2025-09-07 01:34:12,755 - INFO - Database path set to: C:\Users\Ahmet Saygin VAROL\PycharmProjects\orders.db
2025-09-07 01:34:12,881 - INFO - package: mysql.connector.plugins
2025-09-07 01:34:12,881 - INFO - plugin_name: mysql_native_password
2025-09-07 01:34:12,882 - INFO - AUTHENTICATION_PLUGIN_CLASS: MySQLNativePasswordAuthPlugin
2025-09-07 01:34:12,883 - INFO - package: mysql.connector.plugins
2025-09-07 01:34:12,883 - INFO - plugin_name: caching_sha2_password
2025-09-07 01:34:12,883 - INFO - AUTHENTICATION_PLUGIN_CLASS: MySQLCachingSHA2PasswordAuthPlugin
2025-09-07 01:34:17,458 - INFO - [StandingCarry] None to carry for venue=2, voyage=SU533, date=2025-09-06.
2025-09-07 01:34:18,993 - INFO - Loaded 10 allergies
2025-09-07 01:34:18,994 - INFO - Populated allergy combobox with 10 items
2025-09-07 01:36:13,783 - INFO - Manager logged out.
2025-09-07 01:36:22,223 - INFO - [StandingCarry] None to carry for venue=2, voyage=SU533, date=2025-09-06.
2025-09-07 01:36:23,759 - INFO - Loaded 10 allergies
2025-09-07 01:36:23,759 - INFO - Populated allergy combobox with 10 items
2025-09-07 01:36:49,300 - INFO - Manager logged out.
2025-09-07 01:36:57,584 - INFO - [StandingCarry] None to carry for venue=2, voyage=SU533, date=2025-09-06.
2025-09-07 01:36:59,118 - INFO - Loaded 10 allergies
2025-09-07 01:36:59,119 - INFO - Populated allergy combobox with 10 items
2025-09-07 01:37:17,080 - INFO - Manager logged out.
2025-09-07 01:37:22,456 - INFO - [StandingCarry] None to carry for venue=2, voyage=SU533, date=2025-09-06.
2025-09-07 01:37:24,054 - INFO - Loaded 10 allergies
2025-09-07 01:37:24,054 - INFO - Populated allergy combobox with 10 items
2025-09-07 01:37:46,589 - INFO - Manager logged out.
2025-09-07 01:37:52,538 - INFO - [StandingCarry] None to carry for venue=2, voyage=SU533, date=2025-09-06.
2025-09-07 01:37:54,104 - INFO - Loaded 10 allergies
2025-09-07 01:37:54,105 - INFO - Populated allergy combobox with 10 items
2025-09-07 01:38:08,722 - INFO - Database path set to: C:\Users\Ahmet Saygin VAROL\PycharmProjects\orders.db
2025-09-07 01:38:08,723 - INFO - DB init done.
2025-09-07 01:38:08,890 - INFO - Database path set to: C:\Users\Ahmet Saygin VAROL\PycharmProjects\orders.db
2025-09-07 01:38:09,085 - INFO - package: mysql.connector.plugins
2025-09-07 01:38:09,085 - INFO - plugin_name: mysql_native_password
2025-09-07 01:38:09,086 - INFO - AUTHENTICATION_PLUGIN_CLASS: MySQLNativePasswordAuthPlugin
2025-09-07 01:38:09,086 - INFO - package: mysql.connector.plugins
2025-09-07 01:38:09,086 - INFO - plugin_name: caching_sha2_password
2025-09-07 01:38:09,086 - INFO - AUTHENTICATION_PLUGIN_CLASS: MySQLCachingSHA2PasswordAuthPlugin
2025-09-07 01:38:15,254 - INFO - [StandingCarry] None to carry for venue=2, voyage=SU533, date=2025-09-06.
2025-09-07 01:38:17,090 - INFO - Loaded 10 allergies
2025-09-07 01:38:17,090 - INFO - Populated allergy combobox with 10 items
2025-09-07 01:38:30,523 - INFO - Manager logged out.
2025-09-07 01:38:36,040 - INFO - [StandingCarry] None to carry for venue=2, voyage=SU533, date=2025-09-06.
2025-09-07 01:38:37,546 - INFO - Loaded 10 allergies
2025-09-07 01:38:37,547 - INFO - Populated allergy combobox with 10 items
2025-09-07 01:47:50,931 - INFO - Database path set to: C:\Users\Ahmet Saygin VAROL\PycharmProjects\orders.db
2025-09-07 01:47:50,932 - INFO - DB init done.
2025-09-07 01:47:51,090 - INFO - Database path set to: C:\Users\Ahmet Saygin VAROL\PycharmProjects\orders.db
2025-09-07 01:47:51,286 - INFO - package: mysql.connector.plugins
2025-09-07 01:47:51,287 - INFO - plugin_name: mysql_native_password
2025-09-07 01:47:51,287 - INFO - AUTHENTICATION_PLUGIN_CLASS: MySQLNativePasswordAuthPlugin
2025-09-07 01:47:51,288 - INFO - package: mysql.connector.plugins
2025-09-07 01:47:51,288 - INFO - plugin_name: caching_sha2_password
2025-09-07 01:47:51,288 - INFO - AUTHENTICATION_PLUGIN_CLASS: MySQLCachingSHA2PasswordAuthPlugin
2025-09-07 01:47:57,047 - INFO - [StandingCarry] None to carry for venue=2, voyage=SU533, date=2025-09-06.
2025-09-07 01:47:58,639 - INFO - Loaded 10 allergies
2025-09-07 01:47:58,639 - INFO - Populated allergy combobox with 10 items
2025-09-07 01:50:07,028 - INFO - Database path set to: C:\Users\Ahmet Saygin VAROL\PycharmProjects\orders.db
2025-09-07 01:50:07,029 - INFO - DB init done.
2025-09-07 01:50:07,245 - INFO - Database path set to: C:\Users\Ahmet Saygin VAROL\PycharmProjects\orders.db
2025-09-07 01:50:07,453 - INFO - package: mysql.connector.plugins
2025-09-07 01:50:07,453 - INFO - plugin_name: mysql_native_password
2025-09-07 01:50:07,454 - INFO - AUTHENTICATION_PLUGIN_CLASS: MySQLNativePasswordAuthPlugin
2025-09-07 01:50:07,455 - INFO - package: mysql.connector.plugins
2025-09-07 01:50:07,455 - INFO - plugin_name: caching_sha2_password
2025-09-07 01:50:07,455 - INFO - AUTHENTICATION_PLUGIN_CLASS: MySQLCachingSHA2PasswordAuthPlugin
2025-09-07 01:50:11,676 - INFO - [StandingCarry] None to carry for venue=2, voyage=SU533, date=2025-09-06.
2025-09-07 01:50:13,262 - INFO - Loaded 10 allergies
2025-09-07 01:50:13,263 - INFO - Populated allergy combobox with 10 items
2025-09-07 01:50:16,811 - INFO - Manager logged out.
2025-09-07 01:50:21,964 - INFO - [StandingCarry] None to carry for venue=2, voyage=SU533, date=2025-09-06.
2025-09-07 01:50:23,469 - INFO - Loaded 10 allergies
2025-09-07 01:50:23,469 - INFO - Populated allergy combobox with 10 items
2025-09-07 01:51:05,843 - INFO - Database path set to: C:\Users\Ahmet Saygin VAROL\PycharmProjects\orders.db
2025-09-07 01:51:05,845 - INFO - DB init done.
2025-09-07 01:51:06,004 - INFO - Database path set to: C:\Users\Ahmet Saygin VAROL\PycharmProjects\orders.db
2025-09-07 01:51:06,133 - INFO - package: mysql.connector.plugins
2025-09-07 01:51:06,133 - INFO - plugin_name: mysql_native_password
2025-09-07 01:51:06,134 - INFO - AUTHENTICATION_PLUGIN_CLASS: MySQLNativePasswordAuthPlugin
2025-09-07 01:51:06,135 - INFO - package: mysql.connector.plugins
2025-09-07 01:51:06,135 - INFO - plugin_name: caching_sha2_password
2025-09-07 01:51:06,135 - INFO - AUTHENTICATION_PLUGIN_CLASS: MySQLCachingSHA2PasswordAuthPlugin
2025-09-07 01:51:10,547 - INFO - [StandingCarry] None to carry for venue=2, voyage=SU533, date=2025-09-06.
2025-09-07 01:51:12,105 - INFO - Loaded 10 allergies
2025-09-07 01:51:12,105 - INFO - Populated allergy combobox with 10 items
2025-09-07 01:51:25,282 - INFO - Database path set to: C:\Users\Ahmet Saygin VAROL\PycharmProjects\orders.db
2025-09-07 01:51:25,284 - INFO - DB init done.
2025-09-07 01:51:25,424 - INFO - Database path set to: C:\Users\Ahmet Saygin VAROL\PycharmProjects\orders.db
2025-09-07 01:51:25,528 - INFO - package: mysql.connector.plugins
2025-09-07 01:51:25,529 - INFO - plugin_name: mysql_native_password
2025-09-07 01:51:25,529 - INFO - AUTHENTICATION_PLUGIN_CLASS: MySQLNativePasswordAuthPlugin
2025-09-07 01:51:25,530 - INFO - package: mysql.connector.plugins
2025-09-07 01:51:25,530 - INFO - plugin_name: caching_sha2_password
2025-09-07 01:51:25,530 - INFO - AUTHENTICATION_PLUGIN_CLASS: MySQLCachingSHA2PasswordAuthPlugin
2025-09-07 01:51:34,760 - INFO - [StandingCarry] None to carry for venue=2, voyage=SU533, date=2025-09-06.
2025-09-07 01:51:36,393 - INFO - Loaded 10 allergies
2025-09-07 01:51:36,393 - INFO - Populated allergy combobox with 10 items
2025-09-07 02:06:02,724 - INFO - Database path set to: C:\Users\Ahmet Saygin VAROL\PycharmProjects\orders.db
2025-09-07 02:06:02,726 - INFO - DB init done.
2025-09-07 02:06:02,967 - INFO - Database path set to: C:\Users\Ahmet Saygin VAROL\PycharmProjects\orders.db
2025-09-07 02:06:03,150 - INFO - package: mysql.connector.plugins
2025-09-07 02:06:03,150 - INFO - plugin_name: mysql_native_password
2025-09-07 02:06:03,151 - INFO - AUTHENTICATION_PLUGIN_CLASS: MySQLNativePasswordAuthPlugin
2025-09-07 02:06:03,151 - INFO - package: mysql.connector.plugins
2025-09-07 02:06:03,151 - INFO - plugin_name: caching_sha2_password
2025-09-07 02:06:03,151 - INFO - AUTHENTICATION_PLUGIN_CLASS: MySQLCachingSHA2PasswordAuthPlugin
2025-09-07 02:06:07,252 - INFO - [StandingCarry] None to carry for venue=2, voyage=SU533, date=2025-09-06.
2025-09-07 02:06:08,825 - INFO - Loaded 10 allergies
2025-09-07 02:06:08,825 - INFO - Populated allergy combobox with 10 items
2025-09-07 02:06:29,912 - INFO - Database path set to: C:\Users\Ahmet Saygin VAROL\PycharmProjects\orders.db
2025-09-07 02:06:29,913 - INFO - DB init done.
2025-09-07 02:06:30,062 - INFO - Database path set to: C:\Users\Ahmet Saygin VAROL\PycharmProjects\orders.db
2025-09-07 02:06:30,174 - INFO - package: mysql.connector.plugins
2025-09-07 02:06:30,174 - INFO - plugin_name: mysql_native_password
2025-09-07 02:06:30,175 - INFO - AUTHENTICATION_PLUGIN_CLASS: MySQLNativePasswordAuthPlugin
2025-09-07 02:06:30,176 - INFO - package: mysql.connector.plugins
2025-09-07 02:06:30,176 - INFO - plugin_name: caching_sha2_password
2025-09-07 02:06:30,176 - INFO - AUTHENTICATION_PLUGIN_CLASS: MySQLCachingSHA2PasswordAuthPlugin
2025-09-07 02:06:34,430 - INFO - [StandingCarry] None to carry for venue=2, voyage=SU533, date=2025-09-06.
2025-09-07 02:06:36,038 - INFO - Loaded 10 allergies
2025-09-07 02:06:36,038 - INFO - Populated allergy combobox with 10 items
2025-09-07 02:06:42,646 - INFO - Manager logged out.
2025-09-07 02:06:46,793 - INFO - [StandingCarry] None to carry for venue=2, voyage=SU533, date=2025-09-06.
2025-09-07 02:06:48,346 - INFO - Loaded 10 allergies
2025-09-07 02:06:48,346 - INFO - Populated allergy combobox with 10 items
2025-09-07 02:07:51,755 - INFO - Database path set to: C:\Users\Ahmet Saygin VAROL\PycharmProjects\orders.db
2025-09-07 02:07:51,757 - INFO - DB init done.
2025-09-07 02:07:51,907 - INFO - Database path set to: C:\Users\Ahmet Saygin VAROL\PycharmProjects\orders.db
2025-09-07 02:07:52,096 - INFO - package: mysql.connector.plugins
2025-09-07 02:07:52,097 - INFO - plugin_name: mysql_native_password
2025-09-07 02:07:52,097 - INFO - AUTHENTICATION_PLUGIN_CLASS: MySQLNativePasswordAuthPlugin
2025-09-07 02:07:52,098 - INFO - package: mysql.connector.plugins
2025-09-07 02:07:52,098 - INFO - plugin_name: caching_sha2_password
2025-09-07 02:07:52,098 - INFO - AUTHENTICATION_PLUGIN_CLASS: MySQLCachingSHA2PasswordAuthPlugin
2025-09-07 02:07:56,397 - INFO - [StandingCarry] None to carry for venue=2, voyage=SU533, date=2025-09-06.
2025-09-07 02:07:58,005 - INFO - Loaded 10 allergies
2025-09-07 02:07:58,005 - INFO - Populated allergy combobox with 10 items
2025-09-07 02:08:10,244 - INFO - Database path set to: C:\Users\Ahmet Saygin VAROL\PycharmProjects\orders.db
2025-09-07 02:08:10,245 - INFO - DB init done.
2025-09-07 02:08:10,405 - INFO - Database path set to: C:\Users\Ahmet Saygin VAROL\PycharmProjects\orders.db
2025-09-07 02:08:10,516 - INFO - package: mysql.connector.plugins
2025-09-07 02:08:10,517 - INFO - plugin_name: mysql_native_password
2025-09-07 02:08:10,517 - INFO - AUTHENTICATION_PLUGIN_CLASS: MySQLNativePasswordAuthPlugin
2025-09-07 02:08:10,518 - INFO - package: mysql.connector.plugins
2025-09-07 02:08:10,518 - INFO - plugin_name: caching_sha2_password
2025-09-07 02:08:10,518 - INFO - AUTHENTICATION_PLUGIN_CLASS: MySQLCachingSHA2PasswordAuthPlugin
2025-09-07 02:08:14,217 - INFO - [StandingCarry] None to carry for venue=2, voyage=SU533, date=2025-09-06.
2025-09-07 02:08:15,823 - INFO - Loaded 10 allergies
2025-09-07 02:08:15,823 - INFO - Populated allergy combobox with 10 items
2025-09-07 03:39:08,843 - INFO - Database path set to: C:\Users\Ahmet Saygin VAROL\PycharmProjects\orders.db
2025-09-07 03:39:08,845 - INFO - DB init done.
2025-09-07 03:39:08,968 - INFO - Database path set to: C:\Users\Ahmet Saygin VAROL\PycharmProjects\orders.db
2025-09-07 03:39:09,173 - INFO - package: mysql.connector.plugins
2025-09-07 03:39:09,174 - INFO - plugin_name: mysql_native_password
2025-09-07 03:39:09,175 - INFO - AUTHENTICATION_PLUGIN_CLASS: MySQLNativePasswordAuthPlugin
2025-09-07 03:39:09,176 - INFO - package: mysql.connector.plugins
2025-09-07 03:39:09,176 - INFO - plugin_name: caching_sha2_password
2025-09-07 03:39:09,176 - INFO - AUTHENTICATION_PLUGIN_CLASS: MySQLCachingSHA2PasswordAuthPlugin
2025-09-07 03:39:13,982 - INFO - [StandingCarry] None to carry for venue=2, voyage=SU533, date=2025-09-06.
2025-09-07 03:39:15,353 - INFO - Loaded 10 allergies
2025-09-07 03:39:15,353 - INFO - Populated allergy combobox with 10 items
2025-09-07 03:41:16,056 - INFO - Database path set to: C:\Users\Ahmet Saygin VAROL\PycharmProjects\orders.db
2025-09-07 03:41:16,057 - INFO - DB init done.
2025-09-07 03:41:16,181 - INFO - Database path set to: C:\Users\Ahmet Saygin VAROL\PycharmProjects\orders.db
2025-09-07 03:41:20,182 - INFO - [StandingCarry] None to carry for venue=2, voyage=SU533, date=2025-09-06.
2025-09-07 03:41:20,445 - INFO - Loaded 10 allergies
2025-09-07 03:41:20,446 - INFO - Populated allergy combobox with 10 items
2025-09-07 03:42:42,208 - INFO - Database path set to: C:\Users\Ahmet Saygin VAROL\PycharmProjects\orders.db
2025-09-07 03:42:42,209 - INFO - DB init done.
2025-09-07 03:42:42,343 - INFO - Database path set to: C:\Users\Ahmet Saygin VAROL\PycharmProjects\orders.db
2025-09-07 03:42:47,175 - INFO - [StandingCarry] None to carry for venue=2, voyage=SU533, date=2025-09-06.
2025-09-07 03:42:47,455 - INFO - Loaded 10 allergies
2025-09-07 03:42:47,455 - INFO - Populated allergy combobox with 10 items
2025-09-07 03:42:53,532 - INFO - Manager logged out.
2025-09-07 03:42:57,688 - INFO - [StandingCarry] None to carry for venue=2, voyage=SU533, date=2025-09-06.
2025-09-07 03:42:57,964 - INFO - Loaded 10 allergies
2025-09-07 03:42:57,964 - INFO - Populated allergy combobox with 10 items
2025-09-07 03:50:34,393 - INFO - Database path set to: C:\Users\Ahmet Saygin VAROL\PycharmProjects\orders.db
2025-09-07 03:50:34,394 - INFO - DB init done.
2025-09-07 03:50:34,529 - INFO - Database path set to: C:\Users\Ahmet Saygin VAROL\PycharmProjects\orders.db
2025-09-07 03:50:39,742 - INFO - [StandingCarry] None to carry for venue=2, voyage=SU533, date=2025-09-06.
2025-09-07 03:50:40,002 - INFO - Loaded 10 allergies
2025-09-07 03:50:40,002 - INFO - Populated allergy combobox with 10 items
2025-09-07 03:52:48,069 - INFO - Database path set to: C:\Users\Ahmet Saygin VAROL\PycharmProjects\orders.db
2025-09-07 03:52:48,070 - INFO - DB init done.
2025-09-07 03:52:48,229 - INFO - Database path set to: C:\Users\Ahmet Saygin VAROL\PycharmProjects\orders.db
2025-09-07 03:52:52,331 - INFO - [StandingCarry] None to carry for venue=2, voyage=SU533, date=2025-09-06.
2025-09-07 03:52:52,603 - INFO - Loaded 10 allergies
2025-09-07 03:52:52,604 - INFO - Populated allergy combobox with 10 items
2025-09-07 04:10:50,904 - INFO - Database path set to: C:\Users\Ahmet Saygin VAROL\PycharmProjects\orders.db
2025-09-07 04:10:50,906 - INFO - DB init done.
2025-09-07 04:10:51,040 - INFO - Database path set to: C:\Users\Ahmet Saygin VAROL\PycharmProjects\orders.db
2025-09-07 04:10:55,481 - WARNING - [StandingCarry] Failed to set last-run key: 'DatabaseManager' object has no attribute 'set_config_value'
2025-09-07 04:10:56,377 - INFO - Loaded 10 allergies
2025-09-07 04:10:56,377 - INFO - Populated allergy combobox with 10 items
2025-09-07 04:11:34,465 - INFO - Manager logged out.
2025-09-07 04:11:39,053 - INFO - [StandingCarry] Already carried for venue=2, voyage=SU533, date=2025-09-07.
2025-09-07 04:11:39,334 - INFO - Loaded 10 allergies
2025-09-07 04:11:39,335 - INFO - Populated allergy combobox with 10 items
2025-09-07 04:13:08,541 - INFO - Manager logged out.
2025-09-07 04:13:14,740 - INFO - [StandingCarry] Already carried for venue=2, voyage=SU533, date=2025-09-07.
2025-09-07 04:13:15,015 - INFO - Loaded 10 allergies
2025-09-07 04:13:15,015 - INFO - Populated allergy combobox with 10 items
2025-09-08 00:39:10,304 - INFO - Database path set to: C:\Users\Ahmet Saygin VAROL\PycharmProjects\orders.db
2025-09-08 00:39:10,314 - INFO - DB init done.
2025-09-08 00:39:10,564 - INFO - Database path set to: C:\Users\Ahmet Saygin VAROL\PycharmProjects\orders.db
2025-09-08 00:39:14,542 - INFO - [StandingCarry] Already carried for venue=2, voyage=SU533, date=2025-09-07.
2025-09-08 00:39:14,852 - INFO - Loaded 10 allergies
2025-09-08 00:39:14,853 - INFO - Populated allergy combobox with 10 items
2025-09-08 01:12:37,256 - INFO - Database path set to: C:\Users\Ahmet Saygin VAROL\PycharmProjects\orders.db
2025-09-08 01:12:37,258 - INFO - DB init done.
2025-09-08 01:12:37,462 - INFO - Database path set to: C:\Users\Ahmet Saygin VAROL\PycharmProjects\orders.db
2025-09-08 01:12:40,857 - INFO - [StandingCarry] Already carried for venue=2, voyage=SU533, date=2025-09-07.
2025-09-08 01:15:11,733 - INFO - Database path set to: C:\Users\Ahmet Saygin VAROL\PycharmProjects\orders.db
2025-09-08 01:15:11,734 - INFO - DB init done.
2025-09-08 01:15:11,911 - INFO - Database path set to: C:\Users\Ahmet Saygin VAROL\PycharmProjects\orders.db
2025-09-08 01:15:15,144 - INFO - [StandingCarry] Already carried for venue=2, voyage=SU533, date=2025-09-07.
2025-09-08 01:18:49,303 - INFO - Database path set to: C:\Users\Ahmet Saygin VAROL\PycharmProjects\orders.db
2025-09-08 01:18:49,304 - INFO - DB init done.
2025-09-08 01:18:49,461 - INFO - Database path set to: C:\Users\Ahmet Saygin VAROL\PycharmProjects\orders.db
2025-09-08 01:18:52,721 - INFO - [StandingCarry] Already carried for venue=2, voyage=SU533, date=2025-09-07.
2025-09-08 01:28:29,432 - INFO - Database path set to: C:\Users\Ahmet Saygin VAROL\PycharmProjects\orders.db
2025-09-08 01:28:29,434 - INFO - DB init done.
2025-09-08 01:28:29,624 - INFO - Database path set to: C:\Users\Ahmet Saygin VAROL\PycharmProjects\orders.db
2025-09-08 01:28:32,590 - INFO - [StandingCarry] Already carried for venue=2, voyage=SU533, date=2025-09-07.
2025-09-08 01:28:33,546 - INFO - Loaded 10 allergies
2025-09-08 01:28:33,547 - INFO - Populated allergy combobox with 10 items
2025-09-08 01:30:42,774 - INFO - Database path set to: C:\Users\Ahmet Saygin VAROL\PycharmProjects\orders.db
2025-09-08 01:30:42,775 - INFO - DB init done.
2025-09-08 01:30:42,997 - INFO - Database path set to: C:\Users\Ahmet Saygin VAROL\PycharmProjects\orders.db
2025-09-08 01:30:46,612 - INFO - [StandingCarry] Already carried for venue=2, voyage=SU533, date=2025-09-07.
2025-09-08 01:30:47,326 - INFO - Loaded 10 allergies
2025-09-08 01:30:47,326 - INFO - Populated allergy combobox with 10 items
2025-09-08 01:35:13,795 - INFO - Database path set to: C:\Users\Ahmet Saygin VAROL\PycharmProjects\orders.db
2025-09-08 01:35:13,796 - INFO - DB init done.
2025-09-08 01:35:14,160 - INFO - Database path set to: C:\Users\Ahmet Saygin VAROL\PycharmProjects\orders.db
2025-09-08 01:35:17,161 - INFO - [StandingCarry] Already carried for venue=2, voyage=SU533, date=2025-09-07.
2025-09-08 01:35:17,919 - INFO - Loaded 10 allergies
2025-09-08 01:35:17,919 - INFO - Populated allergy combobox with 10 items
2025-09-08 01:36:02,381 - INFO - Database path set to: C:\Users\Ahmet Saygin VAROL\PycharmProjects\orders.db
2025-09-08 01:36:02,383 - INFO - DB init done.
2025-09-08 01:36:02,549 - INFO - Database path set to: C:\Users\Ahmet Saygin VAROL\PycharmProjects\orders.db
2025-09-08 01:36:05,089 - INFO - [StandingCarry] Already carried for venue=2, voyage=SU533, date=2025-09-07.
2025-09-08 01:36:05,845 - INFO - Loaded 10 allergies
2025-09-08 01:36:05,845 - INFO - Populated allergy combobox with 10 items
2025-09-08 01:54:48,667 - INFO - Database path set to: C:\Users\Ahmet Saygin VAROL\PycharmProjects\orders.db
2025-09-08 01:54:48,668 - INFO - DB init done.
2025-09-08 01:54:48,835 - INFO - Database path set to: C:\Users\Ahmet Saygin VAROL\PycharmProjects\orders.db
2025-09-08 01:54:57,327 - INFO - [StandingCarry] Already carried for venue=2, voyage=SU533, date=2025-09-07.
2025-09-08 01:54:58,095 - INFO - Loaded 10 allergies
2025-09-08 01:54:58,095 - INFO - Populated allergy combobox with 10 items
2025-09-08 01:55:55,330 - INFO - Database path set to: C:\Users\Ahmet Saygin VAROL\PycharmProjects\orders.db
2025-09-08 01:55:55,331 - INFO - DB init done.
2025-09-08 01:55:55,474 - INFO - Database path set to: C:\Users\Ahmet Saygin VAROL\PycharmProjects\orders.db
2025-09-08 01:55:58,720 - INFO - [StandingCarry] Already carried for venue=2, voyage=SU533, date=2025-09-07.
2025-09-08 01:55:59,436 - INFO - Loaded 10 allergies
2025-09-08 01:55:59,436 - INFO - Populated allergy combobox with 10 items
2025-09-08 03:03:15,480 - INFO - Database path set to: C:\Users\Ahmet Saygin VAROL\PycharmProjects\orders.db
2025-09-08 03:03:15,482 - INFO - DB init done.
2025-09-08 03:03:15,611 - INFO - Database path set to: C:\Users\Ahmet Saygin VAROL\PycharmProjects\orders.db
2025-09-08 03:03:46,090 - INFO - Database path set to: C:\Users\Ahmet Saygin VAROL\PycharmProjects\orders.db
2025-09-08 03:03:46,091 - INFO - DB init done.
2025-09-08 03:03:46,207 - INFO - Database path set to: C:\Users\Ahmet Saygin VAROL\PycharmProjects\orders.db
2025-09-08 03:04:03,448 - INFO - Database path set to: C:\Users\Ahmet Saygin VAROL\PycharmProjects\orders.db
2025-09-08 03:04:03,450 - INFO - DB init done.
2025-09-08 03:04:03,601 - INFO - Database path set to: C:\Users\Ahmet Saygin VAROL\PycharmProjects\orders.db
2025-09-08 03:04:30,386 - INFO - Database path set to: C:\Users\Ahmet Saygin VAROL\PycharmProjects\orders.db
2025-09-08 03:04:30,387 - INFO - DB init done.
2025-09-08 03:04:30,513 - INFO - Database path set to: C:\Users\Ahmet Saygin VAROL\PycharmProjects\orders.db
2025-09-08 03:04:33,790 - INFO - [StandingCarry] Already carried for venue=2, voyage=SU533, date=2025-09-07.
2025-09-08 03:04:34,786 - INFO - Loaded 10 allergies
2025-09-08 03:04:34,787 - INFO - Populated allergy combobox with 10 items
2025-09-08 03:05:23,116 - INFO - Database path set to: C:\Users\Ahmet Saygin VAROL\PycharmProjects\orders.db
2025-09-08 03:05:23,118 - INFO - DB init done.
2025-09-08 03:05:23,259 - INFO - Database path set to: C:\Users\Ahmet Saygin VAROL\PycharmProjects\orders.db
2025-09-08 03:05:28,182 - INFO - [StandingCarry] Already carried for venue=2, voyage=SU533, date=2025-09-07.
2025-09-08 03:05:28,833 - INFO - Loaded 10 allergies
2025-09-08 03:05:28,834 - INFO - Populated allergy combobox with 10 items
2025-09-08 03:06:03,106 - INFO - Database path set to: C:\Users\Ahmet Saygin VAROL\PycharmProjects\orders.db
2025-09-08 03:06:03,107 - INFO - DB init done.
2025-09-08 03:06:03,223 - INFO - Database path set to: C:\Users\Ahmet Saygin VAROL\PycharmProjects\orders.db
2025-09-08 03:06:13,148 - INFO - [StandingCarry] Already carried for venue=2, voyage=SU533, date=2025-09-07.
2025-09-08 03:06:13,770 - INFO - Loaded 10 allergies
2025-09-08 03:06:13,770 - INFO - Populated allergy combobox with 10 items
2025-09-08 03:16:01,374 - INFO - Database path set to: C:\Users\Ahmet Saygin VAROL\PycharmProjects\orders.db
2025-09-08 03:16:01,375 - INFO - DB init done.
2025-09-08 03:16:01,501 - INFO - Database path set to: C:\Users\Ahmet Saygin VAROL\PycharmProjects\orders.db
2025-09-08 03:16:04,959 - INFO - [StandingCarry] Already carried for venue=2, voyage=SU533, date=2025-09-07.
2025-09-08 03:16:05,587 - INFO - Loaded 10 allergies
2025-09-08 03:16:05,587 - INFO - Populated allergy combobox with 10 items
2025-09-08 03:21:23,436 - INFO - Database path set to: C:\Users\Ahmet Saygin VAROL\PycharmProjects\orders.db
2025-09-08 03:21:23,437 - INFO - DB init done.
2025-09-08 03:21:23,559 - INFO - Database path set to: C:\Users\Ahmet Saygin VAROL\PycharmProjects\orders.db
2025-09-08 03:21:26,282 - INFO - [StandingCarry] Already carried for venue=2, voyage=SU533, date=2025-09-07.
2025-09-08 03:21:26,904 - INFO - Loaded 10 allergies
2025-09-08 03:21:26,904 - INFO - Populated allergy combobox with 10 items
2025-09-08 03:22:34,572 - INFO - Database path set to: C:\Users\Ahmet Saygin VAROL\PycharmProjects\orders.db
2025-09-08 03:22:34,573 - INFO - DB init done.
2025-09-08 03:22:34,696 - INFO - Database path set to: C:\Users\Ahmet Saygin VAROL\PycharmProjects\orders.db
2025-09-08 03:22:37,921 - INFO - [StandingCarry] Already carried for venue=2, voyage=SU533, date=2025-09-07.
2025-09-08 03:22:38,540 - INFO - Loaded 10 allergies
2025-09-08 03:22:38,540 - INFO - Populated allergy combobox with 10 items
2025-09-08 03:25:03,519 - INFO - Database path set to: C:\Users\Ahmet Saygin VAROL\PycharmProjects\orders.db
2025-09-08 03:25:03,520 - INFO - DB init done.
2025-09-08 03:25:03,642 - INFO - Database path set to: C:\Users\Ahmet Saygin VAROL\PycharmProjects\orders.db
2025-09-08 03:25:08,354 - INFO - [StandingCarry] Already carried for venue=2, voyage=SU533, date=2025-09-07.
2025-09-08 03:25:09,051 - INFO - Loaded 10 allergies
2025-09-08 03:25:09,051 - INFO - Populated allergy combobox with 10 items
2025-09-08 03:27:37,182 - INFO - Database path set to: C:\Users\Ahmet Saygin VAROL\PycharmProjects\orders.db
2025-09-08 03:27:37,183 - INFO - DB init done.
2025-09-08 03:27:37,323 - INFO - Database path set to: C:\Users\Ahmet Saygin VAROL\PycharmProjects\orders.db
2025-09-08 03:27:41,185 - INFO - [StandingCarry] Already carried for venue=2, voyage=SU533, date=2025-09-07.
2025-09-08 03:27:41,830 - INFO - Loaded 10 allergies
2025-09-08 03:27:41,831 - INFO - Populated allergy combobox with 10 items
2025-09-08 03:28:34,601 - INFO - Database path set to: C:\Users\Ahmet Saygin VAROL\PycharmProjects\orders.db
2025-09-08 03:28:34,602 - INFO - DB init done.
2025-09-08 03:28:34,736 - INFO - Database path set to: C:\Users\Ahmet Saygin VAROL\PycharmProjects\orders.db
2025-09-08 03:28:37,776 - INFO - [StandingCarry] Already carried for venue=2, voyage=SU533, date=2025-09-07.
2025-09-08 03:28:38,450 - INFO - Loaded 10 allergies
2025-09-08 03:28:38,450 - INFO - Populated allergy combobox with 10 items
2025-09-08 03:30:23,752 - INFO - Database path set to: C:\Users\Ahmet Saygin VAROL\PycharmProjects\orders.db
2025-09-08 03:30:23,753 - INFO - DB init done.
2025-09-08 03:30:23,884 - INFO - Database path set to: C:\Users\Ahmet Saygin VAROL\PycharmProjects\orders.db
2025-09-08 03:30:27,597 - INFO - [StandingCarry] Already carried for venue=2, voyage=SU533, date=2025-09-07.
2025-09-08 03:30:28,242 - INFO - Loaded 10 allergies
2025-09-08 03:30:28,242 - INFO - Populated allergy combobox with 10 items
2025-09-08 03:32:40,224 - INFO - Database path set to: C:\Users\Ahmet Saygin VAROL\PycharmProjects\orders.db
2025-09-08 03:32:40,225 - INFO - DB init done.
2025-09-08 03:32:40,354 - INFO - Database path set to: C:\Users\Ahmet Saygin VAROL\PycharmProjects\orders.db
2025-09-08 03:32:42,944 - INFO - [StandingCarry] Already carried for venue=2, voyage=SU533, date=2025-09-07.
2025-09-08 03:32:43,598 - INFO - Loaded 10 allergies
2025-09-08 03:32:43,598 - INFO - Populated allergy combobox with 10 items
2025-09-08 03:33:05,379 - INFO - Database path set to: C:\Users\Ahmet Saygin VAROL\PycharmProjects\orders.db
2025-09-08 03:33:05,381 - INFO - DB init done.
2025-09-08 03:33:05,507 - INFO - Database path set to: C:\Users\Ahmet Saygin VAROL\PycharmProjects\orders.db
2025-09-08 03:33:08,097 - INFO - [StandingCarry] Already carried for venue=2, voyage=SU533, date=2025-09-07.
2025-09-08 03:33:08,732 - INFO - Loaded 10 allergies
2025-09-08 03:33:08,732 - INFO - Populated allergy combobox with 10 items
2025-09-08 03:33:22,149 - INFO - Database path set to: C:\Users\Ahmet Saygin VAROL\PycharmProjects\orders.db
2025-09-08 03:33:22,150 - INFO - DB init done.
2025-09-08 03:33:22,307 - INFO - Database path set to: C:\Users\Ahmet Saygin VAROL\PycharmProjects\orders.db
2025-09-08 03:33:25,986 - INFO - [StandingCarry] Already carried for venue=2, voyage=SU533, date=2025-09-07.
2025-09-08 03:33:26,609 - INFO - Loaded 10 allergies
2025-09-08 03:33:26,609 - INFO - Populated allergy combobox with 10 items
2025-09-08 03:39:50,486 - INFO - Database path set to: C:\Users\Ahmet Saygin VAROL\PycharmProjects\orders.db
2025-09-08 03:39:50,487 - INFO - DB init done.
2025-09-08 03:39:50,611 - INFO - Database path set to: C:\Users\Ahmet Saygin VAROL\PycharmProjects\orders.db
2025-09-08 03:39:53,500 - INFO - [StandingCarry] Already carried for venue=2, voyage=SU533, date=2025-09-07.
2025-09-08 03:39:54,142 - INFO - Loaded 10 allergies
2025-09-08 03:39:54,142 - INFO - Populated allergy combobox with 10 items
2025-09-08 03:40:07,171 - INFO - Database path set to: C:\Users\Ahmet Saygin VAROL\PycharmProjects\orders.db
2025-09-08 03:40:07,172 - INFO - DB init done.
2025-09-08 03:40:07,299 - INFO - Database path set to: C:\Users\Ahmet Saygin VAROL\PycharmProjects\orders.db
2025-09-08 03:40:11,395 - INFO - [StandingCarry] Already carried for venue=2, voyage=SU533, date=2025-09-07.
2025-09-08 03:40:12,036 - INFO - Loaded 10 allergies
2025-09-08 03:40:12,036 - INFO - Populated allergy combobox with 10 items
2025-09-08 03:41:19,241 - INFO - Database path set to: C:\Users\Ahmet Saygin VAROL\PycharmProjects\orders.db
2025-09-08 03:41:19,242 - INFO - DB init done.
2025-09-08 03:41:19,361 - INFO - Database path set to: C:\Users\Ahmet Saygin VAROL\PycharmProjects\orders.db
2025-09-08 03:41:22,085 - INFO - [StandingCarry] Already carried for venue=2, voyage=SU533, date=2025-09-07.
2025-09-08 03:41:22,726 - INFO - Loaded 10 allergies
2025-09-08 03:41:22,726 - INFO - Populated allergy combobox with 10 items
2025-09-08 03:42:36,829 - INFO - Database path set to: C:\Users\Ahmet Saygin VAROL\PycharmProjects\orders.db
2025-09-08 03:42:36,830 - INFO - DB init done.
2025-09-08 03:42:36,951 - INFO - Database path set to: C:\Users\Ahmet Saygin VAROL\PycharmProjects\orders.db
2025-09-08 03:42:40,036 - INFO - [StandingCarry] Already carried for venue=2, voyage=SU533, date=2025-09-07.
2025-09-08 03:42:40,680 - INFO - Loaded 10 allergies
2025-09-08 03:42:40,680 - INFO - Populated allergy combobox with 10 items
2025-09-08 03:44:49,716 - INFO - Database path set to: C:\Users\Ahmet Saygin VAROL\PycharmProjects\orders.db
2025-09-08 03:44:49,717 - INFO - DB init done.
2025-09-08 03:44:49,858 - INFO - Database path set to: C:\Users\Ahmet Saygin VAROL\PycharmProjects\orders.db
2025-09-08 03:44:53,066 - INFO - [StandingCarry] Already carried for venue=2, voyage=SU533, date=2025-09-07.
2025-09-08 03:45:24,937 - INFO - Database path set to: C:\Users\Ahmet Saygin VAROL\PycharmProjects\orders.db
2025-09-08 03:45:24,939 - INFO - DB init done.
2025-09-08 03:45:25,053 - INFO - Database path set to: C:\Users\Ahmet Saygin VAROL\PycharmProjects\orders.db
2025-09-08 03:45:27,874 - INFO - [StandingCarry] Already carried for venue=2, voyage=SU533, date=2025-09-07.
2025-09-08 03:45:46,952 - INFO - Database path set to: C:\Users\Ahmet Saygin VAROL\PycharmProjects\orders.db
2025-09-08 03:45:46,953 - INFO - DB init done.
2025-09-08 03:45:47,074 - INFO - Database path set to: C:\Users\Ahmet Saygin VAROL\PycharmProjects\orders.db
2025-09-08 03:45:50,088 - INFO - [StandingCarry] Already carried for venue=2, voyage=SU533, date=2025-09-07.
2025-09-08 03:45:50,718 - INFO - Loaded 10 allergies
2025-09-08 03:45:50,718 - INFO - Populated allergy combobox with 10 items
2025-09-08 03:47:38,007 - INFO - Database path set to: C:\Users\Ahmet Saygin VAROL\PycharmProjects\orders.db
2025-09-08 03:47:38,010 - INFO - DB init done.
2025-09-08 03:47:38,137 - INFO - Database path set to: C:\Users\Ahmet Saygin VAROL\PycharmProjects\orders.db
2025-09-08 03:47:41,463 - INFO - [StandingCarry] Already carried for venue=2, voyage=SU533, date=2025-09-07.
2025-09-08 03:47:42,236 - INFO - Loaded 10 allergies
2025-09-08 03:47:42,236 - INFO - Populated allergy combobox with 10 items
2025-09-08 03:48:21,911 - INFO - Database path set to: C:\Users\Ahmet Saygin VAROL\PycharmProjects\orders.db
2025-09-08 03:48:21,912 - INFO - DB init done.
2025-09-08 03:48:22,032 - INFO - Database path set to: C:\Users\Ahmet Saygin VAROL\PycharmProjects\orders.db
2025-09-08 03:48:24,847 - INFO - [StandingCarry] Already carried for venue=2, voyage=SU533, date=2025-09-07.
2025-09-08 03:48:25,483 - INFO - Loaded 10 allergies
2025-09-08 03:48:25,483 - INFO - Populated allergy combobox with 10 items
2025-09-08 03:55:11,200 - INFO - Database path set to: C:\Users\Ahmet Saygin VAROL\PycharmProjects\orders.db
2025-09-08 03:55:11,201 - INFO - DB init done.
2025-09-08 03:55:11,321 - INFO - Database path set to: C:\Users\Ahmet Saygin VAROL\PycharmProjects\orders.db
2025-09-08 03:55:14,107 - INFO - [StandingCarry] Already carried for venue=2, voyage=SU533, date=2025-09-07.
2025-09-08 03:56:38,409 - INFO - Database path set to: C:\Users\Ahmet Saygin VAROL\PycharmProjects\orders.db
2025-09-08 03:56:38,410 - INFO - DB init done.
2025-09-08 03:56:38,533 - INFO - Database path set to: C:\Users\Ahmet Saygin VAROL\PycharmProjects\orders.db
2025-09-08 03:56:41,121 - INFO - [StandingCarry] Already carried for venue=2, voyage=SU533, date=2025-09-07.
2025-09-08 03:56:41,768 - INFO - Loaded 10 allergies
2025-09-08 03:56:41,768 - INFO - Populated allergy combobox with 10 items
2025-09-08 04:00:04,431 - INFO - Database path set to: C:\Users\Ahmet Saygin VAROL\PycharmProjects\orders.db
2025-09-08 04:00:04,433 - INFO - DB init done.
2025-09-08 04:00:04,559 - INFO - Database path set to: C:\Users\Ahmet Saygin VAROL\PycharmProjects\orders.db
2025-09-08 04:00:09,027 - WARNING - [StandingCarry] Failed to set last-run key: 'DatabaseManager' object has no attribute 'set_config_value'
2025-09-08 04:00:10,438 - INFO - Loaded 10 allergies
2025-09-08 04:00:10,438 - INFO - Populated allergy combobox with 10 items
2025-09-08 04:14:30,206 - INFO - Database path set to: C:\Users\Ahmet Saygin VAROL\PycharmProjects\orders.db
2025-09-08 04:14:30,207 - INFO - DB init done.
2025-09-08 04:14:30,334 - INFO - Database path set to: C:\Users\Ahmet Saygin VAROL\PycharmProjects\orders.db
2025-09-08 04:14:33,940 - INFO - [StandingCarry] Already carried for venue=2, voyage=SU533, date=2025-09-08.
2025-09-08 04:14:34,711 - INFO - Loaded 10 allergies
2025-09-08 04:14:34,711 - INFO - Populated allergy combobox with 10 items
2025-09-08 04:15:30,354 - INFO - Database path set to: C:\Users\Ahmet Saygin VAROL\PycharmProjects\orders.db
2025-09-08 04:15:30,366 - INFO - DB init done.
2025-09-08 04:15:30,578 - INFO - Database path set to: C:\Users\Ahmet Saygin VAROL\PycharmProjects\orders.db
2025-09-08 04:15:33,429 - INFO - [StandingCarry] Already carried for venue=2, voyage=SU533, date=2025-09-08.
2025-09-08 04:15:34,222 - INFO - Loaded 10 allergies
2025-09-08 04:15:34,222 - INFO - Populated allergy combobox with 10 items
2025-09-08 06:58:49,497 - INFO - Database path set to: C:\Users\Ahmet Saygin VAROL\PycharmProjects\orders.db
2025-09-08 06:58:49,500 - INFO - DB init done.
2025-09-08 06:58:49,666 - INFO - Database path set to: C:\Users\Ahmet Saygin VAROL\PycharmProjects\orders.db
2025-09-08 06:58:54,084 - INFO - [StandingCarry] Already carried for venue=2, voyage=SU533, date=2025-09-08.
2025-09-08 06:58:54,978 - INFO - Loaded 10 allergies
2025-09-08 06:58:54,979 - INFO - Populated allergy combobox with 10 items
2025-09-08 07:04:06,913 - INFO - Database path set to: C:\Users\Ahmet Saygin VAROL\PycharmProjects\orders.db
2025-09-08 07:04:06,915 - INFO - DB init done.
2025-09-08 07:04:07,073 - INFO - Database path set to: C:\Users\Ahmet Saygin VAROL\PycharmProjects\orders.db
2025-09-08 07:04:10,537 - INFO - [StandingCarry] Already carried for venue=2, voyage=SU533, date=2025-09-08.
2025-09-08 07:04:11,188 - INFO - Loaded 10 allergies
2025-09-08 07:04:11,188 - INFO - Populated allergy combobox with 10 items
2025-09-08 07:07:46,824 - INFO - Database path set to: C:\Users\Ahmet Saygin VAROL\PycharmProjects\orders.db
2025-09-08 07:07:46,825 - INFO - DB init done.
2025-09-08 07:07:46,946 - INFO - Database path set to: C:\Users\Ahmet Saygin VAROL\PycharmProjects\orders.db
2025-09-08 07:07:51,294 - INFO - [StandingCarry] Already carried for venue=2, voyage=SU533, date=2025-09-08.
2025-09-08 07:07:51,940 - INFO - Loaded 10 allergies
2025-09-08 07:07:51,940 - INFO - Populated allergy combobox with 10 items
2025-09-08 07:07:55,959 - ERROR - Error in date selection: 'DatePickerDialog' object has no attribute 'show'
2025-09-08 07:10:32,460 - INFO - Database path set to: C:\Users\Ahmet Saygin VAROL\PycharmProjects\orders.db
2025-09-08 07:10:32,462 - INFO - DB init done.
2025-09-08 07:10:32,604 - INFO - Database path set to: C:\Users\Ahmet Saygin VAROL\PycharmProjects\orders.db
2025-09-08 07:10:35,602 - INFO - [StandingCarry] Already carried for venue=2, voyage=SU533, date=2025-09-08.
2025-09-08 07:10:36,244 - INFO - Loaded 10 allergies
2025-09-08 07:10:36,244 - INFO - Populated allergy combobox with 10 items
2025-09-08 07:10:39,774 - ERROR - Error in date selection: 'DatePickerDialog' object has no attribute 'show'
2025-09-08 07:11:32,714 - INFO - Database path set to: C:\Users\Ahmet Saygin VAROL\PycharmProjects\orders.db
2025-09-08 07:11:32,715 - INFO - DB init done.
2025-09-08 07:11:32,838 - INFO - Database path set to: C:\Users\Ahmet Saygin VAROL\PycharmProjects\orders.db
2025-09-08 07:11:36,673 - INFO - [StandingCarry] Already carried for venue=2, voyage=SU533, date=2025-09-08.
2025-09-08 07:11:37,372 - INFO - Loaded 10 allergies
2025-09-08 07:11:37,372 - INFO - Populated allergy combobox with 10 items
2025-09-08 07:11:38,423 - ERROR - Error in date selection: No module named 'ttkbootstrap.dialogs.querybox'
2025-09-08 07:13:20,723 - INFO - Database path set to: C:\Users\Ahmet Saygin VAROL\PycharmProjects\orders.db
2025-09-08 07:13:20,724 - INFO - DB init done.
2025-09-08 07:13:20,845 - INFO - Database path set to: C:\Users\Ahmet Saygin VAROL\PycharmProjects\orders.db
2025-09-08 07:13:24,073 - INFO - [StandingCarry] Already carried for venue=2, voyage=SU533, date=2025-09-08.
2025-09-08 07:13:24,717 - INFO - Loaded 10 allergies
2025-09-08 07:13:24,718 - INFO - Populated allergy combobox with 10 items
2025-09-08 07:15:51,005 - INFO - Database path set to: C:\Users\Ahmet Saygin VAROL\PycharmProjects\orders.db
2025-09-08 07:15:51,006 - INFO - DB init done.
2025-09-08 07:15:51,135 - INFO - Database path set to: C:\Users\Ahmet Saygin VAROL\PycharmProjects\orders.db
2025-09-08 07:15:54,314 - INFO - [StandingCarry] Already carried for venue=2, voyage=SU533, date=2025-09-08.
2025-09-08 07:15:55,023 - INFO - Loaded 10 allergies
2025-09-08 07:15:55,023 - INFO - Populated allergy combobox with 10 items
2025-09-08 07:16:39,573 - INFO - Database path set to: C:\Users\Ahmet Saygin VAROL\PycharmProjects\orders.db
2025-09-08 07:16:39,574 - INFO - DB init done.
2025-09-08 07:16:39,690 - INFO - Database path set to: C:\Users\Ahmet Saygin VAROL\PycharmProjects\orders.db
2025-09-08 07:16:43,255 - INFO - [StandingCarry] Already carried for venue=2, voyage=SU533, date=2025-09-08.
2025-09-08 07:16:43,875 - INFO - Loaded 10 allergies
2025-09-08 07:16:43,875 - INFO - Populated allergy combobox with 10 items
2025-09-08 07:20:27,993 - INFO - Database path set to: C:\Users\Ahmet Saygin VAROL\PycharmProjects\orders.db
2025-09-08 07:20:27,994 - INFO - DB init done.
2025-09-08 07:20:28,137 - INFO - Database path set to: C:\Users\Ahmet Saygin VAROL\PycharmProjects\orders.db
2025-09-08 07:20:33,071 - INFO - [StandingCarry] Already carried for venue=2, voyage=SU533, date=2025-09-08.
2025-09-08 07:20:33,916 - INFO - Loaded 10 allergies
2025-09-08 07:20:33,917 - INFO - Populated allergy combobox with 10 items
2025-09-08 07:25:32,573 - INFO - Database path set to: C:\Users\Ahmet Saygin VAROL\PycharmProjects\orders.db
2025-09-08 07:25:32,574 - INFO - DB init done.
2025-09-08 07:25:32,715 - INFO - Database path set to: C:\Users\Ahmet Saygin VAROL\PycharmProjects\orders.db
2025-09-08 07:25:53,700 - INFO - [StandingCarry] None to carry for venue=1, voyage=SU533, date=2025-09-08.
2025-09-08 07:25:54,397 - INFO - Loaded 10 allergies
2025-09-08 07:25:54,397 - INFO - Populated allergy combobox with 10 items
2025-09-08 07:26:00,766 - INFO - [StandingCarry] None to carry for venue=3, voyage=SU533, date=2025-09-08.
2025-09-08 07:26:01,075 - INFO - Loaded 10 allergies
2025-09-08 07:26:01,075 - INFO - Populated allergy combobox with 10 items
2025-09-08 07:26:07,535 - INFO - [StandingCarry] Already carried for venue=2, voyage=SU533, date=2025-09-08.
2025-09-08 07:26:07,851 - INFO - Loaded 10 allergies
2025-09-08 07:26:07,851 - INFO - Populated allergy combobox with 10 items
2025-09-09 00:51:48,940 - INFO - [StandingCarry] Already carried for venue=2, voyage=SU533, date=2025-09-08.
2025-09-09 00:51:49,407 - INFO - Loaded 10 allergies
2025-09-09 00:51:49,407 - INFO - Populated allergy combobox with 10 items
2025-09-09 00:52:12,485 - INFO - [StandingCarry] Already carried for venue=2, voyage=SU533, date=2025-09-08.
2025-09-09 00:52:12,907 - INFO - Loaded 10 allergies
2025-09-09 00:52:12,907 - INFO - Populated allergy combobox with 10 items
2025-09-09 02:01:46,667 - INFO - Database path set to: C:\Users\Ahmet Saygin VAROL\PycharmProjects\orders.db
2025-09-09 02:01:46,670 - INFO - DB init done.
2025-09-09 02:01:46,791 - INFO - Database path set to: C:\Users\Ahmet Saygin VAROL\PycharmProjects\orders.db
2025-09-09 23:35:56,789 - INFO - Database path set to: C:\Users\Ahmet Saygin VAROL\PycharmProjects\orders.db
2025-09-09 23:35:56,800 - INFO - DB init done.
2025-09-09 23:35:57,082 - INFO - Database path set to: C:\Users\Ahmet Saygin VAROL\PycharmProjects\orders.db
2025-09-09 23:36:03,418 - INFO - Database path set to: C:\Users\Ahmet Saygin VAROL\PycharmProjects\orders.db
2025-09-09 23:36:03,419 - INFO - DB init done.
2025-09-09 23:36:03,572 - INFO - Database path set to: C:\Users\Ahmet Saygin VAROL\PycharmProjects\orders.db
2025-09-09 23:36:08,201 - WARNING - [StandingCarry] Failed to set last-run key: 'DatabaseManager' object has no attribute 'set_config_value'
2025-09-09 23:36:09,966 - INFO - Loaded 10 allergies
2025-09-09 23:36:09,966 - INFO - Populated allergy combobox with 10 items
2025-09-09 23:43:59,153 - INFO - Database path set to: C:\Users\Ahmet Saygin VAROL\PycharmProjects\orders.db
2025-09-09 23:43:59,156 - INFO - DB init done.
2025-09-09 23:43:59,389 - INFO - Database path set to: C:\Users\Ahmet Saygin VAROL\PycharmProjects\orders.db
2025-09-09 23:44:02,711 - INFO - [StandingCarry] Already carried for venue=2, voyage=SU533, date=2025-09-09.
2025-09-09 23:44:03,632 - INFO - Loaded 10 allergies
2025-09-09 23:44:03,633 - INFO - Populated allergy combobox with 10 items
2025-09-09 23:44:44,948 - INFO - Database path set to: C:\Users\Ahmet Saygin VAROL\PycharmProjects\orders.db
2025-09-09 23:44:44,949 - INFO - DB init done.
2025-09-09 23:44:45,072 - INFO - Database path set to: C:\Users\Ahmet Saygin VAROL\PycharmProjects\orders.db
2025-09-09 23:44:49,896 - INFO - [StandingCarry] Already carried for venue=2, voyage=SU533, date=2025-09-09.
2025-09-09 23:44:50,614 - INFO - Loaded 10 allergies
2025-09-09 23:44:50,615 - INFO - Populated allergy combobox with 10 items
2025-09-10 00:03:02,466 - INFO - Database path set to: C:\Users\Ahmet Saygin VAROL\PycharmProjects\orders.db
2025-09-10 00:03:02,468 - INFO - DB init done.
2025-09-10 00:03:02,615 - INFO - Database path set to: C:\Users\Ahmet Saygin VAROL\PycharmProjects\orders.db
2025-09-10 00:03:15,220 - INFO - Database path set to: C:\Users\Ahmet Saygin VAROL\PycharmProjects\orders.db
2025-09-10 00:03:15,221 - INFO - DB init done.
2025-09-10 00:03:15,365 - INFO - Database path set to: C:\Users\Ahmet Saygin VAROL\PycharmProjects\orders.db
2025-09-10 00:04:25,105 - INFO - Database path set to: C:\Users\Ahmet Saygin VAROL\PycharmProjects\orders.db
2025-09-10 00:04:25,106 - INFO - DB init done.
2025-09-10 00:04:25,313 - INFO - Database path set to: C:\Users\Ahmet Saygin VAROL\PycharmProjects\orders.db
2025-09-10 00:04:28,791 - INFO - [StandingCarry] Already carried for venue=2, voyage=SU533, date=2025-09-09.
2025-09-10 00:04:29,539 - INFO - Loaded 10 allergies
2025-09-10 00:04:29,540 - INFO - Populated allergy combobox with 10 items
2025-09-10 00:04:53,046 - INFO - Database path set to: C:\Users\Ahmet Saygin VAROL\PycharmProjects\orders.db
2025-09-10 00:04:53,047 - INFO - DB init done.
2025-09-10 00:04:53,239 - INFO - Database path set to: C:\Users\Ahmet Saygin VAROL\PycharmProjects\orders.db
2025-09-10 00:04:56,366 - INFO - [StandingCarry] Already carried for venue=2, voyage=SU533, date=2025-09-09.
2025-09-10 00:04:57,242 - INFO - Loaded 10 allergies
2025-09-10 00:04:57,243 - INFO - Populated allergy combobox with 10 items
2025-09-10 00:05:51,659 - INFO - Database path set to: C:\Users\Ahmet Saygin VAROL\PycharmProjects\orders.db
2025-09-10 00:05:51,660 - INFO - DB init done.
2025-09-10 00:05:51,819 - INFO - Database path set to: C:\Users\Ahmet Saygin VAROL\PycharmProjects\orders.db
2025-09-10 00:05:54,703 - INFO - [StandingCarry] Already carried for venue=2, voyage=SU533, date=2025-09-09.
2025-09-10 00:05:55,475 - INFO - Loaded 10 allergies
2025-09-10 00:05:55,475 - INFO - Populated allergy combobox with 10 items
2025-09-10 23:28:04,326 - INFO - Database path set to: C:\Users\Ahmet Saygin VAROL\PycharmProjects\orders.db
2025-09-10 23:28:04,336 - INFO - DB init done.
2025-09-10 23:28:04,532 - INFO - Database path set to: C:\Users\Ahmet Saygin VAROL\PycharmProjects\orders.db
2025-09-10 23:28:10,775 - WARNING - [StandingCarry] Failed to set last-run key: 'DatabaseManager' object has no attribute 'set_config_value'
2025-09-10 23:28:12,364 - INFO - Loaded 10 allergies
2025-09-10 23:28:12,364 - INFO - Populated allergy combobox with 10 items
2025-09-10 23:29:04,762 - INFO - Database path set to: C:\Users\Ahmet Saygin VAROL\PycharmProjects\orders.db
2025-09-10 23:29:04,763 - INFO - DB init done.
2025-09-10 23:29:04,902 - INFO - Database path set to: C:\Users\Ahmet Saygin VAROL\PycharmProjects\orders.db
2025-09-10 23:34:05,312 - INFO - Database path set to: C:\Users\Ahmet Saygin VAROL\PycharmProjects\orders.db
2025-09-10 23:34:05,316 - INFO - DB init done.
2025-09-10 23:34:05,532 - INFO - Database path set to: C:\Users\Ahmet Saygin VAROL\PycharmProjects\orders.db
2025-09-10 23:34:05,695 - ERROR - Summary query failed
Traceback (most recent call last):
  File "C:\Users\Ahmet Saygin VAROL\PycharmProjects\SafeBite Hybrid\restaurant_app.py", line 2248, in _fetch_summary_rows
    cur.execute(sql, (service_date_str, service_date_str, service_date_str))
sqlite3.OperationalError: no such table: orders
2025-09-10 23:34:11,080 - INFO - Database path set to: C:\Users\Ahmet Saygin VAROL\PycharmProjects\orders.db
2025-09-10 23:34:11,082 - INFO - DB init done.
2025-09-10 23:34:11,216 - INFO - Database path set to: C:\Users\Ahmet Saygin VAROL\PycharmProjects\orders.db
2025-09-10 23:34:11,333 - ERROR - Summary query failed
Traceback (most recent call last):
  File "C:\Users\Ahmet Saygin VAROL\PycharmProjects\SafeBite Hybrid\restaurant_app.py", line 2248, in _fetch_summary_rows
    cur.execute(sql, (service_date_str, service_date_str, service_date_str))
sqlite3.OperationalError: no such table: orders
2025-09-10 23:43:39,230 - INFO - Database path set to: C:\Users\Ahmet Saygin VAROL\PycharmProjects\orders.db
2025-09-10 23:43:39,231 - INFO - DB init done.
2025-09-10 23:43:39,367 - INFO - Database path set to: C:\Users\Ahmet Saygin VAROL\PycharmProjects\orders.db
2025-09-10 23:43:39,483 - ERROR - Standing-order warning query failed
Traceback (most recent call last):
  File "C:\Users\Ahmet Saygin VAROL\PycharmProjects\SafeBite Hybrid\restaurant_app.py", line 2225, in _update_standing_warning
    cur.execute(sql, (svc_str,))
sqlite3.OperationalError: no such table: orders
2025-09-10 23:44:04,508 - INFO - Database path set to: C:\Users\Ahmet Saygin VAROL\PycharmProjects\orders.db
2025-09-10 23:44:04,509 - INFO - DB init done.
2025-09-10 23:44:04,640 - INFO - Database path set to: C:\Users\Ahmet Saygin VAROL\PycharmProjects\orders.db
2025-09-10 23:44:04,744 - ERROR - Standing-order warning query failed
Traceback (most recent call last):
  File "C:\Users\Ahmet Saygin VAROL\PycharmProjects\SafeBite Hybrid\restaurant_app.py", line 2225, in _update_standing_warning
    cur.execute(sql, (svc_str,))
sqlite3.OperationalError: no such table: orders
2025-09-10 23:44:28,865 - INFO - Database path set to: C:\Users\Ahmet Saygin VAROL\PycharmProjects\orders.db
2025-09-10 23:44:28,866 - INFO - DB init done.
2025-09-10 23:44:28,991 - INFO - Database path set to: C:\Users\Ahmet Saygin VAROL\PycharmProjects\orders.db
2025-09-10 23:44:29,090 - ERROR - Standing-order warning query failed
Traceback (most recent call last):
  File "C:\Users\Ahmet Saygin VAROL\PycharmProjects\SafeBite Hybrid\restaurant_app.py", line 2225, in _update_standing_warning
    cur.execute(sql, (svc_str,))
sqlite3.OperationalError: no such table: orders
2025-09-10 23:44:33,336 - INFO - [StandingCarry] Already carried for venue=2, voyage=SU533, date=2025-09-10.
2025-09-10 23:44:34,055 - INFO - Loaded 10 allergies
2025-09-10 23:44:34,056 - INFO - Populated allergy combobox with 10 items
2025-09-10 23:45:30,110 - INFO - Database path set to: C:\Users\Ahmet Saygin VAROL\PycharmProjects\orders.db
2025-09-10 23:45:30,111 - INFO - DB init done.
2025-09-10 23:45:30,234 - INFO - Database path set to: C:\Users\Ahmet Saygin VAROL\PycharmProjects\orders.db
2025-09-10 23:45:30,320 - ERROR - Standing-order warning query failed
Traceback (most recent call last):
  File "C:\Users\Ahmet Saygin VAROL\PycharmProjects\SafeBite Hybrid\restaurant_app.py", line 2225, in _update_standing_warning
    cur.execute(sql, (svc_str,))
sqlite3.OperationalError: no such table: orders
2025-09-10 23:45:44,991 - INFO - Loaded 10 allergies
2025-09-10 23:45:44,991 - INFO - Populated allergy combobox with 10 items
2025-09-10 23:52:04,352 - INFO - Database path set to: C:\Users\Ahmet Saygin VAROL\PycharmProjects\orders.db
2025-09-10 23:52:04,361 - INFO - DB init done.
2025-09-10 23:52:04,612 - INFO - Database path set to: C:\Users\Ahmet Saygin VAROL\PycharmProjects\orders.db
2025-09-10 23:52:21,265 - INFO - Database path set to: C:\Users\Ahmet Saygin VAROL\PycharmProjects\orders.db
2025-09-10 23:52:21,266 - INFO - DB init done.
2025-09-10 23:52:21,400 - INFO - Database path set to: C:\Users\Ahmet Saygin VAROL\PycharmProjects\orders.db
2025-09-10 23:54:12,340 - INFO - Database path set to: C:\Users\Ahmet Saygin VAROL\PycharmProjects\orders.db
2025-09-10 23:54:12,342 - INFO - DB init done.
2025-09-10 23:54:12,481 - INFO - Database path set to: C:\Users\Ahmet Saygin VAROL\PycharmProjects\orders.db
2025-09-10 23:57:04,330 - INFO - Database path set to: C:\Users\Ahmet Saygin VAROL\PycharmProjects\orders.db
2025-09-10 23:57:04,331 - INFO - DB init done.
2025-09-10 23:57:04,467 - INFO - Database path set to: C:\Users\Ahmet Saygin VAROL\PycharmProjects\orders.db
2025-09-10 23:58:11,997 - INFO - Database path set to: C:\Users\Ahmet Saygin VAROL\PycharmProjects\orders.db
2025-09-10 23:58:11,998 - INFO - DB init done.
2025-09-10 23:58:12,131 - INFO - Database path set to: C:\Users\Ahmet Saygin VAROL\PycharmProjects\orders.db
2025-09-10 23:58:12,241 - ERROR - Standing-order warning query failed
Traceback (most recent call last):
  File "C:\Users\Ahmet Saygin VAROL\PycharmProjects\SafeBite Hybrid\restaurant_app.py", line 2274, in _update_standing_warning
    cur.execute(sql, (today_str,))
sqlite3.OperationalError: no such table: orders

During handling of the above exception, another exception occurred:

Traceback (most recent call last):
  File "C:\Users\Ahmet Saygin VAROL\PycharmProjects\SafeBite Hybrid\restaurant_app.py", line 2288, in _update_standing_warning
    cur.execute(sql, (today_str,))
sqlite3.OperationalError: no such table: orders
2025-09-10 23:58:12,454 - ERROR - Standing-order warning query failed
Traceback (most recent call last):
  File "C:\Users\Ahmet Saygin VAROL\PycharmProjects\SafeBite Hybrid\restaurant_app.py", line 2274, in _update_standing_warning
    cur.execute(sql, (today_str,))
sqlite3.OperationalError: no such table: orders

During handling of the above exception, another exception occurred:

Traceback (most recent call last):
  File "C:\Users\Ahmet Saygin VAROL\PycharmProjects\SafeBite Hybrid\restaurant_app.py", line 2288, in _update_standing_warning
    cur.execute(sql, (today_str,))
sqlite3.OperationalError: no such table: orders
2025-09-11 00:01:03,357 - INFO - Database path set to: C:\Users\Ahmet Saygin VAROL\PycharmProjects\orders.db
2025-09-11 00:01:03,358 - INFO - DB init done.
2025-09-11 00:01:03,498 - INFO - Database path set to: C:\Users\Ahmet Saygin VAROL\PycharmProjects\orders.db
2025-09-11 00:01:03,608 - ERROR - Standing-order warning query failed
Traceback (most recent call last):
  File "C:\Users\Ahmet Saygin VAROL\PycharmProjects\SafeBite Hybrid\restaurant_app.py", line 2274, in _update_standing_warning
    cur.execute(sql, (today_str,))
sqlite3.OperationalError: no such column: status

During handling of the above exception, another exception occurred:

Traceback (most recent call last):
  File "C:\Users\Ahmet Saygin VAROL\PycharmProjects\SafeBite Hybrid\restaurant_app.py", line 2288, in _update_standing_warning
    cur.execute(sql, (today_str,))
sqlite3.OperationalError: no such column: status
2025-09-11 00:01:03,828 - ERROR - Standing-order warning query failed
Traceback (most recent call last):
  File "C:\Users\Ahmet Saygin VAROL\PycharmProjects\SafeBite Hybrid\restaurant_app.py", line 2274, in _update_standing_warning
    cur.execute(sql, (today_str,))
sqlite3.OperationalError: no such column: status

During handling of the above exception, another exception occurred:

Traceback (most recent call last):
  File "C:\Users\Ahmet Saygin VAROL\PycharmProjects\SafeBite Hybrid\restaurant_app.py", line 2288, in _update_standing_warning
    cur.execute(sql, (today_str,))
sqlite3.OperationalError: no such column: status
2025-09-11 00:04:14,669 - INFO - Database path set to: C:\Users\Ahmet Saygin VAROL\PycharmProjects\orders.db
2025-09-11 00:04:14,671 - INFO - DB init done.
2025-09-11 00:04:14,807 - INFO - Database path set to: C:\Users\Ahmet Saygin VAROL\PycharmProjects\orders.db
2025-09-11 00:07:11,334 - INFO - Database path set to: C:\Users\Ahmet Saygin VAROL\PycharmProjects\orders.db
2025-09-11 00:07:11,336 - INFO - DB init done.
2025-09-11 00:07:11,505 - INFO - Database path set to: C:\Users\Ahmet Saygin VAROL\PycharmProjects\orders.db
2025-09-11 00:07:11,599 - ERROR - Standing-order warning query failed
Traceback (most recent call last):
  File "C:\Users\Ahmet Saygin VAROL\PycharmProjects\SafeBite Hybrid\restaurant_app.py", line 2274, in _update_standing_warning
    cur.execute(sql, (today_str,))
sqlite3.OperationalError: unrecognized token: "#"

During handling of the above exception, another exception occurred:

Traceback (most recent call last):
  File "C:\Users\Ahmet Saygin VAROL\PycharmProjects\SafeBite Hybrid\restaurant_app.py", line 2288, in _update_standing_warning
    cur.execute(sql, (today_str,))
sqlite3.OperationalError: unrecognized token: "#"
2025-09-11 00:07:11,830 - ERROR - Standing-order warning query failed
Traceback (most recent call last):
  File "C:\Users\Ahmet Saygin VAROL\PycharmProjects\SafeBite Hybrid\restaurant_app.py", line 2274, in _update_standing_warning
    cur.execute(sql, (today_str,))
sqlite3.OperationalError: unrecognized token: "#"

During handling of the above exception, another exception occurred:

Traceback (most recent call last):
  File "C:\Users\Ahmet Saygin VAROL\PycharmProjects\SafeBite Hybrid\restaurant_app.py", line 2288, in _update_standing_warning
    cur.execute(sql, (today_str,))
sqlite3.OperationalError: unrecognized token: "#"
2025-09-11 00:09:28,050 - INFO - Database path set to: C:\Users\Ahmet Saygin VAROL\PycharmProjects\orders.db
2025-09-11 00:09:28,052 - INFO - DB init done.
2025-09-11 00:09:28,193 - INFO - Database path set to: C:\Users\Ahmet Saygin VAROL\PycharmProjects\orders.db
2025-09-11 00:09:28,297 - ERROR - Standing-order warning query failed
Traceback (most recent call last):
  File "C:\Users\Ahmet Saygin VAROL\PycharmProjects\SafeBite Hybrid\restaurant_app.py", line 2273, in _update_standing_warning
    cur.execute(sql, (today_str,))
sqlite3.OperationalError: unrecognized token: "#"

During handling of the above exception, another exception occurred:

Traceback (most recent call last):
  File "C:\Users\Ahmet Saygin VAROL\PycharmProjects\SafeBite Hybrid\restaurant_app.py", line 2286, in _update_standing_warning
    cur.execute(sql, (today_str,))
sqlite3.OperationalError: unrecognized token: "#"
2025-09-11 00:09:28,507 - ERROR - Standing-order warning query failed
Traceback (most recent call last):
  File "C:\Users\Ahmet Saygin VAROL\PycharmProjects\SafeBite Hybrid\restaurant_app.py", line 2273, in _update_standing_warning
    cur.execute(sql, (today_str,))
sqlite3.OperationalError: unrecognized token: "#"

During handling of the above exception, another exception occurred:

Traceback (most recent call last):
  File "C:\Users\Ahmet Saygin VAROL\PycharmProjects\SafeBite Hybrid\restaurant_app.py", line 2286, in _update_standing_warning
    cur.execute(sql, (today_str,))
sqlite3.OperationalError: unrecognized token: "#"
2025-09-11 00:17:06,855 - INFO - Database path set to: C:\Users\Ahmet Saygin VAROL\PycharmProjects\orders.db
2025-09-11 00:17:06,856 - INFO - DB init done.
2025-09-11 00:17:07,013 - INFO - Database path set to: C:\Users\Ahmet Saygin VAROL\PycharmProjects\orders.db
2025-09-11 00:17:23,599 - INFO - Database path set to: C:\Users\Ahmet Saygin VAROL\PycharmProjects\orders.db
2025-09-11 00:17:23,600 - INFO - DB init done.
2025-09-11 00:17:23,747 - INFO - Database path set to: C:\Users\Ahmet Saygin VAROL\PycharmProjects\orders.db
2025-09-11 00:17:23,859 - ERROR - Standing-order warning query failed
Traceback (most recent call last):
  File "C:\Users\Ahmet Saygin VAROL\PycharmProjects\SafeBite Hybrid\restaurant_app.py", line 2273, in _update_standing_warning
    cur.execute(sql, (today_str,))
sqlite3.OperationalError: unrecognized token: "#"

During handling of the above exception, another exception occurred:

Traceback (most recent call last):
  File "C:\Users\Ahmet Saygin VAROL\PycharmProjects\SafeBite Hybrid\restaurant_app.py", line 2286, in _update_standing_warning
    cur.execute(sql, (today_str,))
sqlite3.OperationalError: unrecognized token: "#"
2025-09-11 00:17:24,075 - ERROR - Standing-order warning query failed
Traceback (most recent call last):
  File "C:\Users\Ahmet Saygin VAROL\PycharmProjects\SafeBite Hybrid\restaurant_app.py", line 2273, in _update_standing_warning
    cur.execute(sql, (today_str,))
sqlite3.OperationalError: unrecognized token: "#"

During handling of the above exception, another exception occurred:

Traceback (most recent call last):
  File "C:\Users\Ahmet Saygin VAROL\PycharmProjects\SafeBite Hybrid\restaurant_app.py", line 2286, in _update_standing_warning
    cur.execute(sql, (today_str,))
sqlite3.OperationalError: unrecognized token: "#"
2025-09-11 00:19:49,060 - INFO - Database path set to: C:\Users\Ahmet Saygin VAROL\PycharmProjects\orders.db
2025-09-11 00:19:49,062 - INFO - DB init done.
2025-09-11 00:19:49,208 - INFO - Database path set to: C:\Users\Ahmet Saygin VAROL\PycharmProjects\orders.db
2025-09-11 00:22:30,847 - INFO - Database path set to: C:\Users\Ahmet Saygin VAROL\PycharmProjects\orders.db
2025-09-11 00:22:30,856 - INFO - DB init done.
2025-09-11 00:22:31,012 - INFO - Database path set to: C:\Users\Ahmet Saygin VAROL\PycharmProjects\orders.db
2025-09-11 00:22:37,374 - INFO - Database path set to: C:\Users\Ahmet Saygin VAROL\PycharmProjects\orders.db
2025-09-11 00:22:37,375 - INFO - DB init done.
2025-09-11 00:22:37,505 - INFO - Database path set to: C:\Users\Ahmet Saygin VAROL\PycharmProjects\orders.db
2025-09-11 00:24:43,309 - INFO - Database path set to: C:\Users\Ahmet Saygin VAROL\PycharmProjects\orders.db
2025-09-11 00:24:43,311 - INFO - DB init done.
2025-09-11 00:24:43,468 - INFO - Database path set to: C:\Users\Ahmet Saygin VAROL\PycharmProjects\orders.db
2025-09-11 00:24:56,882 - INFO - Database path set to: C:\Users\Ahmet Saygin VAROL\PycharmProjects\orders.db
2025-09-11 00:24:56,883 - INFO - DB init done.
2025-09-11 00:24:57,024 - INFO - Database path set to: C:\Users\Ahmet Saygin VAROL\PycharmProjects\orders.db
2025-09-11 00:29:14,151 - INFO - Database path set to: C:\Users\Ahmet Saygin VAROL\PycharmProjects\orders.db
2025-09-11 00:29:14,153 - INFO - DB init done.
2025-09-11 00:29:14,322 - INFO - Database path set to: C:\Users\Ahmet Saygin VAROL\PycharmProjects\orders.db
2025-09-11 00:29:52,705 - INFO - Database path set to: C:\Users\Ahmet Saygin VAROL\PycharmProjects\orders.db
2025-09-11 00:29:52,707 - INFO - DB init done.
2025-09-11 00:29:52,882 - INFO - Database path set to: C:\Users\Ahmet Saygin VAROL\PycharmProjects\orders.db
2025-09-11 00:30:07,744 - INFO - Database path set to: C:\Users\Ahmet Saygin VAROL\PycharmProjects\orders.db
2025-09-11 00:30:07,745 - INFO - DB init done.
2025-09-11 00:30:07,924 - INFO - Database path set to: C:\Users\Ahmet Saygin VAROL\PycharmProjects\orders.db
2025-09-11 00:30:33,193 - INFO - Database path set to: C:\Users\Ahmet Saygin VAROL\PycharmProjects\orders.db
2025-09-11 00:30:33,204 - INFO - DB init done.
2025-09-11 00:30:33,494 - INFO - Database path set to: C:\Users\Ahmet Saygin VAROL\PycharmProjects\orders.db
2025-09-11 00:33:47,454 - INFO - Database path set to: C:\Users\Ahmet Saygin VAROL\PycharmProjects\orders.db
2025-09-11 00:33:47,456 - INFO - DB init done.
2025-09-11 00:33:47,608 - INFO - Database path set to: C:\Users\Ahmet Saygin VAROL\PycharmProjects\orders.db
2025-09-11 00:35:01,444 - INFO - Database path set to: C:\Users\Ahmet Saygin VAROL\PycharmProjects\orders.db
2025-09-11 00:35:01,445 - INFO - DB init done.
2025-09-11 00:35:01,581 - INFO - Database path set to: C:\Users\Ahmet Saygin VAROL\PycharmProjects\orders.db
2025-09-11 00:38:45,899 - INFO - Database path set to: C:\Users\Ahmet Saygin VAROL\PycharmProjects\orders.db
2025-09-11 00:38:45,900 - INFO - DB init done.
2025-09-11 00:38:46,046 - INFO - Database path set to: C:\Users\Ahmet Saygin VAROL\PycharmProjects\orders.db
2025-09-11 00:39:09,022 - INFO - Database path set to: C:\Users\Ahmet Saygin VAROL\PycharmProjects\orders.db
2025-09-11 00:39:09,024 - INFO - DB init done.
2025-09-11 00:39:09,296 - INFO - Database path set to: C:\Users\Ahmet Saygin VAROL\PycharmProjects\orders.db
2025-09-11 00:39:49,724 - INFO - Database path set to: C:\Users\Ahmet Saygin VAROL\PycharmProjects\orders.db
2025-09-11 00:39:49,725 - INFO - DB init done.
2025-09-11 00:39:49,888 - INFO - Database path set to: C:\Users\Ahmet Saygin VAROL\PycharmProjects\orders.db
2025-09-27 01:12:33,030 - INFO - Database path set to: C:\Users\Ahmet Saygin VAROL\PycharmProjects\orders.db
2025-09-27 01:12:33,041 - INFO - DB init done.
2025-09-27 01:12:33,266 - INFO - Database path set to: C:\Users\Ahmet Saygin VAROL\PycharmProjects\orders.db
2025-09-27 01:12:39,285 - INFO - [StandingCarry] None to carry for venue=2, voyage=SU533, date=2025-09-26.
2025-09-27 01:12:40,464 - INFO - Loaded 10 allergies
2025-09-27 01:12:40,464 - INFO - Populated allergy combobox with 10 items
